C-Value,Scientific_Name,Common_Name,Family
4,Abildgaardia ovata,Flatspike Sedge,Cyperaceae
2,Abutilon permolle,Coastal Indian Mallow,Malvaceae
2,Acacia farnesiana,Sweet Acacia,Fabaceae
5,Acacia macracantha,Porknut,Fabaceae
7,Acacia pinetorum,Pineland Acacia,Fabaceae
1,Acacia tortuosa,Poponax,Veronicaceae
3,Acalypha chamaedrifolia,Bastard Copperleaf,Euphorbiaceae
6,Acalypha gracilens,Slender Threeseed Mercury,Euphorbiaceae
4,Acalypha ostryifolia,Pineland Threeseed Mercury,Euphorbiaceae
8,Acanthocereus tetragonus,Triangle Cactus; Barbed-Wire Cactus,Cactaceae
5,Acer rubrum,Red Maple,Sapindaceae
6,Acmella oppositifolia var. repens,Oppositeleaf Spotflower,Asteraceae
9,Acoelorraphe wrightii,Everglades Palm,Arecaceae
8,Acrostichum aureum,Golden Leather Fern,Pteridaceae
4,Acrostichum danaeifolium,Giant Leather Fern,Pteridaceae
10,Adiantum capillus-veneris,Venus'-Hair Fern; Southern Maidenhair,Pteridaceae
10,Adiantum melanoleucum,Fragrant Maidenhair,Pteridaceae
4,Adiantum tenerum,Brittle Maidenhair,Pteridaceae
10,Adiantum villosum,Woolly Maidenhair,Pteridaceae
2,Aeschynomene americana,Shyleaf,Fabaceae
8,Aeschynomene pratensis,Meadow Jointvetch,Fabaceae
8,Aeschynomene viscidula,Sticky Jointvetch,Fabaceae
7,Agalinis fasciculata,Beach False Foxglove,Orobanchaceae
7,Agalinis filifolia,Seminole False Foxglove,Orobanchaceae
8,Agalinis linifolia,Flaxleaf False Foxglove,Orobanchaceae
7,Agalinis maritima,Saltmarsh False Foxglove,Orobanchaceae
7,Agalinis obtusifolia,Tenlobe False Foxglove,Orobanchaceae
5,Agalinis purpurea,Purple False Foxglove,Orobanchaceae
9,Agave decipiens,False Sisal,Agavaceae
9,Agave neglecta,Wild Century Plant,Agavaceae
6,Ageratina jucunda,Hammock Snakeroot,Asteraceae
7,Aletris bracteata,Bracted Colicroot,Nartheciaceae
7,Aletris lutea,Yellow Colicroot,Nartheciaceae
4,Alternanthera flavescens,Yellow Joywood,Amaranthaceae
5,Alternanthera maritima,Seaside Joyweed,Amaranthaceae
10,Alvaradoa amorphoides,Mexican Alvaradoa,Picramniaceae
5,Amaranthus australis,Southern Amaranth,Amaranthaceae
0,Ambrosia artemisiifolia,Common Ragweed,Asteraceae
7,Ambrosia hispida,Coastal Ragweed,Asteraceae
4,Ammannia coccinea,Valley Redstem; Scarlet Ammannia,Lythraceae
4,Ammannia latifolia,Pink Redstem; Toothcup,Lythraceae
5,Amorpha fruticosa,Bastard Indigobush; False Indigobush,Fabaceae
6,Amorpha herbacea var. crenulata,Miami Lead Plant,Fabaceae
8,Amorpha herbacea var. crenulata,Miami Lead Plant,Euphorbiaceae
4,Ampelopsis arborea,Peppervine,Vitaceae
5,Amphicarpum muhlenbergianum,Blue Maidencane,Poaceae
10,Amphitecna latifolia,Black Calabash,Bignoniaceae
10,Amyris balsamifera,Balsam Torchwood,Rutaceae
8,Amyris elemifera,Sea Torchwood,Rutaceae
5,Anagallis minima,Chaffweed,Primulaceae
7,Anagallis pumila,Florida Pimpernel,Primulaceae
9,Andropogon brachystachyus,Shortspike Bluestem,Poaceae
7,Andropogon floridanus,Florida Bluestem,Poaceae
6,Andropogon glomeratus var. glaucopsis,Purple Bluestem,Poaceae
7,Andropogon glomeratus var. hirsutior,Bushy Bluestem,Poaceae
2,Andropogon glomeratus var. pumilus,Bushy Bluestem,Poaceae
5,Andropogon gyrans,Elliott's Bluestem,Poaceae
6,Andropogon longiberbis,Hairy Bluestem,Poaceae
7,Andropogon ternarius,Splitbeard Bluestem,Poaceae
7,Andropogon tracyi,Tracy's Bluestem,Poaceae
4,Andropogon virginicus,Broomsedge Bluestem,Poaceae
6,Andropogon virginicus var. glaucus,Chalky Bluestem,Poaceae
8,Anemia adiantifolia,Maidenhair Pineland Fern,Schizaeaceae
10,Anemia wrightii,Wright's Pineland Fern; Parsley Fern,Schizaeaceae
7,Angadenia berteroi,Pineland Golden Trumpet,Apocynaceae
4,Annona glabra,Pond Apple,Annonaceae
6,Apios americana,Groundnut,Fabaceae
10,Apteria aphylla,Nodding Nixie,Burmanniaceae
8,Ardisia escallonioides,Marlberry,Myrsinaceae
0,Argemone albiflora,Bluestem Pricklypoppy,Papaveraceae
0,Argemone mexicana,Mexican Pricklypoppy,Papaveraceae
8,Argusia gnaphalodes,Sea Rosemary; Sea Lavender,Boraginaceae
10,Arisaema triphyllum,Jack-In-The-Pulpit,Araceae
7,Aristida condensata,Big Threeawn; Piedmont Threeawn,Poaceae
5,Aristida gyrans,Corkscrew Threeawn,Poaceae
8,Aristida palustris,Longleaf Threeawn,Poaceae
7,Aristida patula,Tall Threeawn,Poaceae
7,Aristida purpurascens,Arrowfeather Threeawn,Poaceae
2,Aristida purpurascens var. tenuispica,Hillsboro Threeawn,Poaceae
8,Aristida rhizomophora,Florida Threeawn,Poaceae
7,Aristida spiciformis,Bottlebrush Threeawn,Poaceae
7,Aristida stricta var. beyrichiana,Wiregrass,Poaceae
9,Aristolochia pentandra,Marsh's Dutchman's-Pipe,Aristolochiaceae
8,Arnoglossum ovatum,Ovateleaf Indian Plantain,Asteraceae
8,Asclepias curtissii,Curtiss' Milkweed,Apocynaceae
8,Asclepias feayi,Florida Milkweed,Apocynaceae
8,Asclepias incarnata,Swamp Milkweed,Apocynaceae
8,Asclepias lanceolata,Fewflower Milkweed,Apocynaceae
8,Asclepias longifolia,Longleaf Milkweed,Apocynaceae
10,Asclepias pedicellata,Savannah Milkweed,Apocynaceae
7,Asclepias tomentosa,Velvetleaf Milkweed,Apocynaceae
8,Asclepias tuberosa,Butterflyweed; Butterfly Milkweed,Apocynaceae
8,Asclepias viridis,Green Antelopehorn,Apocynaceae
7,Asimina obovata,Bigflower Pawpaw,Annonaceae
7,Asimina reticulata,Netted Pawpaw,Annonaceae
9,Asimina tetramera,Fourpetal Pawpaw,Annonaceae
10,Asplenium abscissum,Cutleaf Spleenwort,Aspleniaceae
10,Asplenium dentatum,Toothed Spleenwort; Slender Spleenwort,Aspleniaceae
10,Asplenium erosum,Eared Spleenwort; Auricled Spleenwort,Aspleniaceae
10,Asplenium platyneuron,Ebony Spleenwort,Aspleniaceae
10,Asplenium serratum,Wild Birdnest Fern; Bird's-Nest Spleenwort,Aspleniaceae
10,Asplenium verecundum,Modest Spleenwort; Delicate Spleenwort,Aspleniaceae
10,Asplenium x biscaynianum,Biscayne Spleenwort,Aspleniaceae
5,Atriplex cristata,Crested Saltbush,Amaranthaceae
8,Aureolaria pedicularia var. pectinata,Fernleaf Yellow False Foxglove,Orobanchaceae
5,Avicennia germinans,Black Mangrove,Avicenniaceae
0,Axonopus compressus,Tropical Carpetgrass; Broadleaf Carpetgrass,Poaceae
1,Axonopus fissifolius,Common Carpetgrass,Fabaceae
1,Axonopus furcatus,Big Carpetgrass,Poaceae
4,Ayenia euphrasiifolia,Eyebright Ayenia,Malvaceae
2,Azolla caroliniana,Carolina Mosquito Fern,Azollaceae
5,Baccharis angustifolia,Saltwater Falsewillow,Asteraceae
9,Baccharis dioica,Broombush Falsewillow,Asteraceae
4,Baccharis glomeruliflora,Silverling,Asteraceae
3,Baccharis halimifolia,Groundsel Tree; Sea Myrtle,Asteraceae
8,Bacopa caroliniana,Lemon Bacopa; Blue Waterhyssop,Veronicaceae
3,Bacopa innominata,Tropical Waterhyssop,Veronicaceae
3,Bacopa monnieri,Herb-Of-Grace,Veronicaceae
3,Bacopa repens,Creeping Waterhyssop,Veronicaceae
8,Balduina angustifolia,Coastalplain Honeycombhead,Asteraceae
10,Bartonia verna,White Screwstem,Gentianaceae
7,Bartonia virginica,Yellow Screwstem,Gentianaceae
7,Basiphyllaea corallicola,Carter's Orchid,Orchidaceae
5,Batis maritima,Saltwort; Turtleweed,Bataceae
7,Befaria racemosa,Tarflower,Ericaceae
7,Berchemia scandens,Alabama Supplejack; Rattan Vine,Rhamnaceae
8,Berlandiera subacaulis,Florida Greeneyes,Asteraceae
0,Bidens alba,Beggarticks; Romerillo,Asteraceae
6,Bidens bipinnata,Spanish Needles,Asteraceae
6,Bidens laevis,Burrmarigold; Smooth Beggarticks,Asteraceae
5,Bidens mitis,Smallfruit Beggarticks,Asteraceae
8,Bigelowia nudata subsp. australis,Pineland Rayless Goldenrod,Asteraceae
6,Blechnum serrulatum,Toothed Midsorus Fern; Swamp Fern,Blechnaceae
10,Bletia patula,Flor De Pasmo,Orchidaceae
5,Bletia purpurea,Pinepink,Orchidaceae
3,Blutaparon vermiculare,Samphire; Silverhead,Amaranthaceae
3,Boehmeria cylindrica,False Nettle; Bog Hemp,Urticaceae
0,Boerhavia diffusa,Red Spiderling; Wineflower,Nyctaginaceae
0,Boerhavia erecta,Erect Spiderling,Nyctaginaceae
8,Boltonia diffusa,Smallhead Doll's Daisy,Asteraceae
5,Borrichia arborescens,Tree Seaside Oxeye,Asteraceae
5,Borrichia frutescens,Bushy Seaside Oxeye,Asteraceae
5,Borrichia x cubana,,Asteraceae
7,Bourreria cassinifolia,Smooth Strongbark; Little Strongbark,Boraginaceae
9,Bourreria succulenta,Bahama Strongbark; Bodywood,Boraginaceae
5,Bouteloua hirsuta,Hairy Gramma,Poaceae
9,Brasenia schreberi,Watershield,Cabombaceae
10,Brassia caudata,Spider Orchid; Cricket Orchid,Orchidaceae
9,Brickellia mosieri,Mosier's False Boneset; Brickell-Bush,Asteraceae
2,Buchnera americana,American Bluehearts,Orobanchaceae
10,Bucida molinetii,Spiny Black Olive,Combretaceae
10,Bulbophyllum pachyrachis,Rattail Orchid,Orchidaceae
7,Bulbostylis ciliatifolia,Capillary Hairsedge,Cyperaceae
7,Bulbostylis stenophylla,Sandyfield Hairsedge,Cyperaceae
7,Bulbostylis warei,Ware's Hairsedge,Cyperaceae
9,Burmannia biflora,Bluethread,Burmanniaceae
9,Burmannia capitata,Southern Bluethread,Burmanniaceae
9,Burmannia flava,Fakahatchee Bluethread,Burmanniaceae
4,Bursera simaruba,Gumbo-Limbo,Burseraceae
10,Byrsonima lucida,Long Key Locustberry,Malpighiaceae
7,Cabomba caroliniana,Carolina Fanwort,Cabombaceae
4,Caesalpinia bonduc,Gray Nicker,Fabaceae
8,Caesalpinia major,Hawaii Pearls; Yellow Nicker,Fabaceae
8,Cakile lanceolata,Coastal Searocket,Brassicaceae
5,Callicarpa americana,American Beautyberry,Lamiaceae
4,Callisia ornata,Florida Scrub Roseling,Commelinaceae
9,Callitriche peploides,Matted Waterstarwort,Callitrichaceae
10,Calopogon barbatus,Bearded Grasspink,Orchidaceae
10,Calopogon multiflorus,Manyflowered Grasspink,Orchidaceae
5,Calopogon pallidus,Pale Grasspink,Orchidaceae
7,Calopogon tuberosus,Tuberous Grasspink,Orchidaceae
9,Calopogon tuberosus var. simpsonii,Simpson's Grasspink,Orchidaceae
9,Calyptranthes pallens,Pale Lidflower; Spicewood,Myrtaceae
10,Calyptranthes zuzygium,Myrtle-Of-The-River,Myrtaceae
6,Calystegia sepium subsp. limnophila,Hedge False Bindweed,Convolvulaceae
1,Campanula floridana,Florida Bellflower,Poaceae
10,Campylocentrum pachyrrhizum,Leafless Bentspur Orchid,Orchidaceae
10,Campyloneurum angustifolium,Narrow Strap Fern; Narrow Swamp Fern,Polypodiaceae
10,Campyloneurum costatum,Tailed Strap Fern,Polypodiaceae
8,Campyloneurum phyllitidis,Long Strap Fern,Polypodiaceae
4,Canavalia rosea,Baybean; Seaside Jackbean,Fabaceae
10,Canella winterana,Pepper Cinnamon; Cinnamon Bark,Canellaceae
4,Canna flaccida,BandanOf-The-Everglades,Cannaceae
7,Caperonia castaneifolia,Chestnutleaf Falsecroton,Euphorbiaceae
9,Capparis cynophallophora,Jamaican Capertree,Brassicaceae
9,Capparis flexuosa,Bayleaf Capertree,Brassicaceae
2,Capraria biflora,Goatweed,Veronicaceae
4,Capsicum annuum var. glabriusculum,Bird Pepper,Solanaceae
7,Cardiospermum corindum,Faux Persil,Sapindaceae
2,Cardiospermum microcarpum,Heartseed,Sapindaceae
9,Carex gigantea,Giant Sedge,Cyperaceae
4,Carex longii,Long's Sedge,Cyperaceae
7,Carex lupuliformis,False Hop Sedge,Cyperaceae
7,Carex verrucosa,Warty Sedge,Cyperaceae
7,Carex vexans,Florida Hammock Sedge,Cyperaceae
8,Carphephorus carnosus,Pineland Chaffhead,Asteraceae
8,Carphephorus corymbosus,Coastalplain Chaffhead; Florida Paintbrush,Asteraceae
8,Carphephorus odoratissimus var. subtropicanus,Pineland Purple; False Vanillaleaf,Asteraceae
8,Carphephorus paniculatus,Hairy Chaffhead,Asteraceae
8,Carya aquatica,Water Hickory,Juglandaceae
8,Carya floridana,Scrub Hickory,Juglandaceae
8,Carya glabra,Pignut Hickory,Juglandaceae
4,Cassytha filiformis,Love Vine; Devil's Gut,Lauraceae
10,Catopsis berteroniana,Powdery Strap Airplant,Bromeliaceae
10,Catopsis floribunda,Florida Strap Airplant,Bromeliaceae
10,Catopsis nutans,Nodding Strap Airplant; Nodding Catopsis,Bromeliaceae
10,Cayaponia americana,American Melonleaf,Cucurbitaceae
8,Celosia nitida,West Indian Cock's Comb,Amaranthaceae
10,Celtis ehrenbergiana,Spiny Hackberry; Desert Hackberry,Celtidaceae
10,Celtis iguanaea,Iguana Hackberry,Celtidaceae
8,Celtis laevigata,Sugarberry; Hackberry,Celtidaceae
2,Cenchrus echinatus,Southern Sandbur,Poaceae
2,Cenchrus gracillimus,Slender Sandbur,Poaceae
3,Cenchrus spinifex,Coastal Sandbur,Poaceae
7,Cenchrus tribuloides,Sanddune Sandbur,Poaceae
2,Centella asiatica,Spadeleaf,Araliaceae
4,Centrosema virginianum,Spurred Butterfly Pea,Fabaceae
6,Cephalanthus occidentalis,Common Buttonbush,Rubiaceae
10,Ceratiola ericoides,Florida Rosemary; Sand Heath,Ericaceae
4,Ceratophyllum demersum,Coontail,Ceratophyllaceae
4,Ceratopteris pteridoides,Water Horn Fern,Pteridaceae
5,Chamaecrista fasciculata,Partridge Pea,Fabaceae
7,Chamaecrista lineata var. keyensis,Narrowpod Sensitive Pea; Key Cassia,Fabaceae
6,Chamaecrista nictitans,Sensitive Pea,Fabaceae
4,Chamaecrista nictitans var. aspera,Sensitive Pea,Fabaceae
1,Chamaesyce blodgettii,Limestone Sandmat,Campanulaceae
8,Chamaesyce bombensis,Dixie Sandmat,Euphorbiaceae
3,Chamaesyce conferta,Everglades Key Sandmat,Euphorbiaceae
9,Chamaesyce garberi,Garber's Sandmat; Garber's Spurge,Euphorbiaceae
0,Chamaesyce hirta,Pillpod Sandmat,Euphorbiaceae
1,Chamaesyce hypericifolia,Graceful Sandmat,Euphorbiaceae
1,Chamaesyce hyssopifolia,Hyssopleaf Sandmat,Euphorbiaceae
0,Chamaesyce maculata,Spotted Sandmat,Euphorbiaceae
5,Chamaesyce mesembrianthemifolia,Coastal Beach Sandmat,Euphorbiaceae
1,Chamaesyce ophthalmica,Florida Hammock Sandmat,Euphorbiaceae
9,Chamaesyce pergamena,Southern Florida Sandmat; Rocklands Spurge,Euphorbiaceae
10,Chamaesyce porteriana,Porter's Sandmat; Porter's Spurge,Euphorbiaceae
0,Chamaesyce prostrata,Prostrate Sandmat,Euphorbiaceae
8,Chapmannia floridana,Florida Alicia,Fabaceae
7,Chaptalia albicans,White Sunbonnets,Asteraceae
7,Chaptalia tomentosa,Woolly Sunbonnets; Pineland Daisy,Asteraceae
9,Chasmanthium nitidum,Shiny Woodoats,Poaceae
10,Cheilanthes microphylla,Southern Lip Fern,Pteridaceae
0,Chenopodium berlandieri,Pitseed Goosefoot,Amaranthaceae
4,Chiococca alba,Snowberry; Milkberry,Rubiaceae
7,Chiococca pinetorum,,Rubiaceae
6,Chloris elata,Tall Windmillgrass; Manyspike Fingergrass,Poaceae
9,Chromolaena frustrata,Cape Sable Thoroughwort,Asteraceae
3,Chromolaena odorata,Jack-In-The-Bush,Asteraceae
4,Chrysobalanus icaco,Coco Plum,Chrysobalanaceae
9,Chrysophyllum oliviforme,Satinleaf,Sapotaceae
7,Chrysopogon pauciflorus,Florida False Beardgrass,Poaceae
9,Chrysopsis linearifolia subsp. dressii,Dress' Goldenaster,Asteraceae
5,Chrysopsis mariana,Maryland Goldenaster,Asteraceae
4,Chrysopsis scabrella,Coastalplain Goldenaster,Asteraceae
5,Chrysopsis subulata,Scrubland Goldenaster,Asteraceae
6,Cicuta maculata,Spotted Water Hemlock,Apiaceae
4,Cirsium horridulum,Purple Thistle,Asteraceae
0,Cirsium nuttallii,Nuttall's Thistle,Asteraceae
9,Cissampelos pareira,Pereira Brava,Menispermaceae
4,Cissus trifoliata,Sorrelvine; Marinevine,Vitaceae
2,Cissus verticillata,Seasonvine; Possum Grape,Vitaceae
8,Citharexylum spinosum,Florida Fiddlewood,Verbenaceae
5,Cladium jamaicense,Jamaica Swamp Sawgrass,Cyperaceae
6,Clematis baldwinii,Pine-Hyacinth,Ranunculaceae
5,Clitoria mariana,Atlantic Pigeonwings,Fabaceae
7,Cnidoscolus stimulosus,Tread-Softly; Finger-Rot,Euphorbiaceae
9,Coccoloba diversifolia,Tietongue; Pigeon Plum,Polygonaceae
4,Coccoloba uvifera,Seagrape,Polygonaceae
9,Coccothrinax argentata,Florida Silver Palm,Arecaceae
8,Coelorachis cylindrica,Carolina Jointtailgrass,Poaceae
7,Coelorachis rugosa,Wrinkled Jointtailgrass,Poaceae
8,Coelorachis tuberculosa,Florida Jointtailgrass; Piedmont Jointgrass,Poaceae
4,Colubrina arborescens,Greenheart,Rhamnaceae
8,Colubrina cubensis var. floridana,Cuban Nakedwood,Rhamnaceae
7,Colubrina elliptica,Soldierwood,Rhamnaceae
6,Commelina erecta,Whitemouth Dayflower,Commelinaceae
4,Conocarpus erectus,Buttonwood,Combretaceae
5,Conoclinium coelestinum,Blue Mistflower,Asteraceae
9,Conopholis americana,American Squawroot; Cancerroot,Orobanchaceae
8,Conradina grandiflora,Largeflower False Rosemary,Lamiaceae
1,Conyza canadensis var. pusilla,Dwarf Canadian Horseweed,Euphorbiaceae
8,Corallorhiza wisteriana,Spring Coralroot,Orchidaceae
2,Corchorus hirtus,Red Jute,Malvaceae
1,Corchorus siliquosus,Slippery Burr,Asteraceae
10,Cordia bahamensis,Bahama Manjack,Boraginaceae
7,Cordia globosa,Curacao Bush,Boraginaceae
8,Coreopsis floridana,Florida Tickseed,Asteraceae
4,Coreopsis leavenworthii,Leavenworth's Tickseed,Asteraceae
7,Cornus foemina,Swamp Dogwood; Stiff Dogwood,Cornaceae
10,Cranichis muscosa,Cypressknee Helmet Orchid; Moss Orchid,Orchidaceae
8,Crinum americanum,Seven-Sisters; String-Lily,Amaryllidaceae
10,Crossopetalum ilicifolium,Christmasberry,Celastraceae
9,Crossopetalum rhacoma,Maidenberry; Rhacoma,Celastraceae
4,Crotalaria pumila,Low Rattlebox,Fabaceae
7,Crotalaria rotundifolia,Rabbitbells,Fabaceae
3,Croton glandulosus,Vente Conmigo,Euphorbiaceae
8,Croton glandulosus var. floridanus,Vente Conmigo,Euphorbiaceae
9,Croton humilis,Pepperbush,Euphorbiaceae
8,Croton linearis,Pineland Croton; Grannybush,Euphorbiaceae
9,Croton lobatus,Lobed Croton,Euphorbiaceae
6,Croton michauxii,Rushfoil; Michaux's Croton,Euphorbiaceae
9,Croton punctatus,Gulf Croton; Beach Tea,Euphorbiaceae
9,Ctenitis sloanei,Florida Tree Fern; Red-Hair Comb Fern,Dryopteridaceae
10,Ctenitis submarginalis,Brown-Hair Comb Fern,Dryopteridaceae
9,Ctenium aromaticum,Toothachegrass,Poaceae
5,Cucurbita okeechobeensis,Okeechobee Gourd,Cucurbitaceae
2,Cuscuta pentagona,Fiveangled Dodder,Convolvulaceae
6,Cuscuta umbellata,Flatglobe Dodder,Convolvulaceae
5,Cynanchum angustifolium,Gulf Coast Swallowwort,Apocynaceae
10,Cynanchum blodgettii,Blodgett's Swallowwort,Apocynaceae
8,Cynanchum northropiae,Fragrant Swallowwort,Apocynaceae
5,Cynanchum scoparium,Leafless Swallowwort,Apocynaceae
2,Cyperus articulatus,Jointed Flatsedge,Cyperaceae
2,Cyperus compressus,Poorland Flatsedge,Cyperaceae
2,Cyperus croceus,Baldwin's Flatsedge,Cyperaceae
6,Cyperus cuspidatus,Coastalplain Flatsedge,Cyperaceae
4,Cyperus distinctus,Swamp Flatsedge,Cyperaceae
6,Cyperus elegans,Royal Flatsedge,Cyperaceae
5,Cyperus erythrorhizos,Redroot Flatsedge,Cyperaceae
7,Cyperus filiculmis,Wiry Flatsedge,Cyperaceae
5,Cyperus filiformis,Wiry Flatsedge; Florida Flatsedge,Cyperaceae
6,Cyperus flavescens,Yellow Flatsedge,Cyperaceae
3,Cyperus haspan,Haspan Flatsedge,Cyperaceae
3,Cyperus ligularis,Swamp Flatsedge,Cyperaceae
3,Cyperus odoratus,Fragrant Flatsedge,Cyperaceae
9,Cyperus pedunculatus,Beachstar,Cyperaceae
2,Cyperus planifolius,Flatleaf Flatsedge,Cyperaceae
3,Cyperus polystachyos,Manyspike Flatsedge,Cyperaceae
3,Cyperus retrorsus,Pinebarren Flatsedge,Cyperaceae
0,Cyperus squarrosus,Bearded Flatsedge,Cyperaceae
5,Cyperus strigosus,Strawcolored Flatsedge,Cyperaceae
2,Cyperus surinamensis,Tropical Flatsedge,Cyperaceae
9,Cyperus tetragonus,Fourangle Flatsedge,Cyperaceae
10,Cyrtopodium punctatum,Cowhorn Orchid; Cigar Orchid,Orchidaceae
5,Dalbergia brownei,Browne's Indian Rosewood,Fabaceae
4,Dalbergia ecastaphyllum,Coinvine,Fabaceae
8,Dalea carnea,Whitetassels,Fabaceae
5,Dalea carthagenensis var. floridana,Florida Prairieclover,Fabaceae
7,Dalea feayi,Feay's Prairieclover,Fabaceae
3,Dalea pinnata,Summer Farewell,Fabaceae
8,Dalea pinnata var. adenopoda,Summer Farewell,Fabaceae
0,Datura stramonium,Jimsonweed,Solanaceae
7,Deeringothamnus rugelii var. pulchellus,Pretty False Pawpaw; Royal False Pawpaw,Annonaceae
10,Dendrophylax lindenii,Ghost Orchid; Palmpolly,Orchidaceae
0,Descurainia pinnata,Western Tansymustard,Brassicaceae
8,Desmodium floridanum,Florida Ticktrefoil,Fabaceae
10,Desmodium lineatum,Sand Ticktrefoil,Fabaceae
9,Desmodium marilandicum,Smooth Ticktrefoil,Fabaceae
3,Desmodium paniculatum,Panicled Ticktrefoil,Fabaceae
10,Desmodium strictum,Pinebarren Ticktrefoil,Fabaceae
7,Dichanthelium aciculare,Needleleaf Witchgrass,Poaceae
7,Dichanthelium commutatum,Variable Witchgrass,Poaceae
6,Dichanthelium dichotomum,Cypress Witchgrass,Poaceae
6,Dichanthelium ensifolium,Cypress Witchgrass,Poaceae
6,Dichanthelium ensifolium var. breve,Dwarf Cypress Witchgrass,Poaceae
6,Dichanthelium ensifolium var. unciphyllum,Cypress Witchgrass,Poaceae
7,Dichanthelium erectifolium,Erectleaf Witchgrass,Poaceae
6,Dichanthelium laxiflorum,Openflower Witchgrass,Poaceae
6,Dichanthelium leucothrix,Rough Witchgrass,Poaceae
7,Dichanthelium ovale,Eggleaf Witchgrass,Poaceae
7,Dichanthelium portoricense,Hemlock Witchgrass,Poaceae
6,Dichanthelium strigosum var. glabrescens,Roughhair Witchgrass,Poaceae
2,Dichondra carolinensis,Carolina Ponysfoot,Convolvulaceae
4,Dicliptera sexangularis,Sixangle Foldwing,Acanthaceae
0,Dicranopteris flexuosa,Drooping Forked Fern,Gleicheniaceae
0,Digitaria ciliaris,Southern Crabgrass,Poaceae
7,Digitaria filiformis,Slender Crabgrass; Shaggy Crabgrass,Poaceae
8,Digitaria filiformis var. dolichophylla,Caribbean Crabgrass,Poaceae
0,Digitaria horizontalis,Jamaican Crabgrass,Poaceae
0,Digitaria insularis,Sourgrass,Poaceae
9,Digitaria pauciflora,Twospike Crabgrass;Everglades Crabgrass,Poaceae
1,Digitaria serotina,Blanket Crabgrass; Dwarf Crabgrass,Malvaceae
5,Diodia teres,Poor Joe; Rough Buttonweed,Rubiaceae
2,Diodia virginiana,Virginia Buttonweed,Rubiaceae
4,Diospyros virginiana,Common Persimmon,Ebenaceae
8,Distichlis spicata,Saltgrass,Poaceae
5,Dodonaea elaeagnoides,Smallfruit Varnishleaf; Keys Hopebush,Sapindaceae
4,Dodonaea viscosa,Varnishleaf; Florida Hopbush,Sapindaceae
9,Drosera brevifolia,Dwarf Sundew,Droseraceae
7,Drosera capillaris,Pink Sundew,Droseraceae
1,Drymaria cordata,Drymary; West Indian Chickweed,Poaceae
10,Drypetes diversifolia,Whitewood; Milkbark,Euphorbiaceae
10,Drypetes lateriflora,Guiana Plum,Euphorbiaceae
8,Dyschoriste angusta,Pineland Twinflower; Pineland Snakeherb,Acanthaceae
8,Dyschoriste oblongifolia,Oblongleaf Snakeherb,Acanthaceae
6,Echinochloa paludigena,Florida Cockspur,Poaceae
1,Echinochloa walteri,Coast Cockspur,Caryophyllaceae
10,Echinodorus berteroi,Upright Burrhead,Alismataceae
6,Echites umbellata,Devil's Potato; Rubbervine,Apocynaceae
1,Eclipta prostrata,False Daisy,Poaceae
5,Eleocharis albida,White Spikerush,Cyperaceae
3,Eleocharis baldwinii,Baldwin's Spikerush; Roadgrass,Cyperaceae
4,Eleocharis cellulosa,Gulf Coast Spikerush,Cyperaceae
8,Eleocharis elongata,Slim Spikerush,Cyperaceae
6,Eleocharis flavescens,Yellow Spikerush; Pale Spikerush,Cyperaceae
3,Eleocharis geniculata,Canada Spikerush,Cyperaceae
3,Eleocharis interstincta,Knotted Spikerush,Cyperaceae
5,Eleocharis microcarpa,Smallfruit Spikerush,Cyperaceae
5,Eleocharis montevidensis,Sand Spikerush,Cyperaceae
2,Eleocharis vivipara,Viviparous Spikerush,Cyperaceae
7,Elephantopus elatus,Tall Elephantsfoot,Asteraceae
10,Eltroplectris calcarata,Longclaw Orchid; Spurred Neottia,Orchidaceae
9,Elytraria caroliniensis,Carolina Scalystem,Acanthaceae
8,Elytraria caroliniensis var. angustifolia,Carolina Scalystem,Acanthaceae
4,Encyclia tampensis,Florida Butterfly Orchid,Orchidaceae
10,Epidendrum anceps,Dingy-Flowered Star Orchid,Orchidaceae
10,Epidendrum blancheanum,Acuna's Star Orchid,Orchidaceae
10,Epidendrum floridense,Umbrella Star Orchid; Umbelled Epidendrum,Orchidaceae
10,Epidendrum nocturnum,Night-Scented Epidendrum,Orchidaceae
10,Epidendrum rigidum,Stiff-Flower Star Orchid; Rigid Epidendrum,Orchidaceae
10,Epidendrum strobiliferum,Big Cypress Star Orchid; Matted Epidendrum,Orchidaceae
0,Equisetum hyemale var. affine,Scouring-Rush,Equisetaceae
2,Eragrostis elliottii,Elliott's Lovegrass,Poaceae
8,Eragrostis hypnoides,Teal Lovegrass,Poaceae
1,Eragrostis pectinacea var. tracyi,Sanibel Island Lovegrass,Asteraceae
0,Eragrostis secundiflora subsp. oxylepis,Red Lovegrass,Poaceae
2,Eragrostis spectabilis,Purple Lovegrass,Poaceae
4,Eragrostis virginica,Coastal Lovegrass,Poaceae
3,Erechtites hieraciifolius,American Burnweed; Fireweed,Asteraceae
3,Erigeron quercifolius,Oakleaf Fleabane,Asteraceae
5,Erigeron vernus,Early Whitetop Fleabane,Asteraceae
8,Eriocaulon compressum,Flattened Pipewort,Eriocaulaceae
8,Eriocaulon decangulare,Tenangle Pipewort,Eriocaulaceae
9,Eriocaulon ravenelii,Ravenel's Pipewort,Eriocaulaceae
8,Eriochloa michauxii,Michaux's Cupgrass,Poaceae
8,Eriochloa michauxii var. simpsonii,Simpson's Cupgrass,Poaceae
7,Erithalis fruticosa,Blacktorch,Rubiaceae
10,Ernodea cokeri,Coker's Beach Creeper; One-Nerved Ernodea,Rubiaceae
7,Ernodea littoralis,Beach Creeper; Coughbush,Rubiaceae
8,Eryngium aromaticum,Fragrant Eryngo,Apiaceae
8,Eryngium baldwinii,Baldwin's Eryngo,Apiaceae
8,Eryngium yuccifolium,Button Rattlesnakemaster; Button Eryngo,Apiaceae
7,Erythrina herbacea,Coralbean; Cherokee Bean,Fabaceae
9,Eugenia axillaris,White Stopper,Myrtaceae
10,Eugenia confusa,Redberry Stopper; Redberry Eugenia,Myrtaceae
8,Eugenia foetida,Spanish Stopper; Boxleaf Stopper,Myrtaceae
10,Eugenia rhombea,Red Stopper,Myrtaceae
4,Eulophia alta,Wild Coco,Orchidaceae
1,Eupatorium capillifolium,Dogfennel,Poaceae
8,Eupatorium compositifolium,Yankeeweed,Asteraceae
8,Eupatorium leptophyllum,Falsefennel,Asteraceae
8,Eupatorium mikanioides,Semaphore Thoroughwort,Asteraceae
7,Eupatorium mohrii,Mohr's Thoroughwort,Asteraceae
4,Eupatorium rotundifolium,Roundleaf Thoroughwort; False Horehound,Asteraceae
3,Eupatorium serotinum,Lateflowering Thoroughwort,Asteraceae
3,Euphorbia inundata var. garrettii,,Euphorbiaceae
7,Euphorbia polyphylla,Lesser Florida Spurge,Euphorbiaceae
4,Euphorbia trichotoma,Sanddune Spurge,Euphorbiaceae
5,Eustachys glauca,Saltmarsh Fingergrass,Poaceae
2,Eustachys petraea,Pinewoods Fingergrass,Poaceae
4,Eustoma exaltatum,Marshgentian; Catchfly Prairie-Gentian,Gentianaceae
5,Euthamia caroliniana,Slender Flattop Goldenrod,Asteraceae
0,Evolvulus alsinoides,Slender Dwarf Morning-Glory,Convolvulaceae
7,Evolvulus sericeus,Silver Dwarf Morning-Glory,Convolvulaceae
8,Exostema caribaeum,Caribbean Princewood,Rubiaceae
9,Exothea paniculata,Inkwood; Butterbough,Sapindaceae
2,Ficus aurea,Strangler Fig; Golden Fig,Moraceae
4,Ficus citrifolia,Wild Banyan Tree,Moraceae
4,Fimbristylis autumnalis,Slender Fimbry,Cyperaceae
4,Fimbristylis caroliniana,Carolina Fimbry,Cyperaceae
2,Fimbristylis cymosa,Hurricanegrass,Cyperaceae
1,Fimbristylis dichotoma,Forked Fimbry,Asteraceae
7,Fimbristylis puberula,Hairy Fimbry,Cyperaceae
8,Fimbristylis spadicea,Marsh Fimbry,Cyperaceae
4,Flaveria floridana,Florida Yellowtops,Asteraceae
4,Flaveria linearis,Narrowleaf Yellowtops,Asteraceae
0,Flaveria trinervia,Clustered Yellowtops,Asteraceae
8,Forestiera pinetorum,,Oleaceae
4,Forestiera segregata,Florida Swampprivet,Oleaceae
7,Fraxinus caroliniana,Carolina Ash; Water Ash; Pop Ash,Oleaceae
3,Froelichia floridana,Cottonweed; Plains Snakecotton,Amaranthaceae
4,Fuirena breviseta,Saltmarsh Umbrellasedge,Cyperaceae
4,Fuirena pumila,Dwarf Umbrellasedge,Cyperaceae
5,Fuirena scirpoidea,Southern Umbrellasedge,Cyperaceae
7,Galactia elliottii,Elliott's Milkpea,Fabaceae
7,Galactia regularis,Eastern Milkpea,Fabaceae
7,Galactia striata,Florida Hammock Milkpea,Fabaceae
4,Galactia volubilis,Downy Milkpea,Fabaceae
10,Galeandra bicarinata,Two-Keeled Hooded Orchid; Helmet Orchid,Orchidaceae
4,Galium hispidulum,Coastal Bedstraw,Rubiaceae
4,Galium tinctorium,Stiff Marsh Bedstraw,Rubiaceae
0,Gamochaeta americana,American Everlasting,Asteraceae
2,Gamochaeta falcata,Narrow Leaf Purple Everlasting,Asteraceae
1,Gamochaeta purpurea,Spoonleaf Purple Everlasting,Cyperaceae
1,Gaura angustifolia,Southern Beeblossom,Asteraceae
8,Gaylussacia dumosa,Dwarf Huckleberry,Ericaceae
8,Gelsemium sempervirens,Yellow Jessamine; Carolina Jessamine,Gelsemiaceae
8,Genipa clusiifolia,Sevenyear Apple,Rubiaceae
0,Geranium carolinianum,Carolina Cranesbill,Geraniaceae
10,Glandularia maritima,Coastal Mock Vervain,Verbenaceae
9,Glandularia tampensis,Tampa Mock Vervain,Verbenaceae
9,Gordonia lasianthus,Loblolly Bay,Theaceae
7,Gossypium hirsutum,Upland Cotton; Wild Cotton,Malvaceae
8,Gouania lupuloides,Chewstick; Whiteroot,Rhamnaceae
10,Govenia floridana,Florida Govenia; Gowen's Orchid,Orchidaceae
7,Gratiola hispida,Rough Hedgehyssop,Veronicaceae
7,Gratiola pilosa,Shaggy Hedgehyssop,Veronicaceae
7,Gratiola ramosa,Branched Hedgehyssop,Veronicaceae
10,Guajacum sanctum,Holywood Lignumvitae,Zygophyllaceae
8,Guapira discolor,Beeftree; Blolly,Nyctaginaceae
9,Guettarda elliptica,Hammock Velvetseed,Rubiaceae
9,Guettarda scabra,Rough Velvetseed,Rubiaceae
10,Guzmania monostachia,West Indian Tufted Airplant,Bromeliaceae
10,Gyminda latifolia,West Indian False Boxwood,Celastraceae
9,Gymnanthes lucida,Crabwood; Oysterwood,Euphorbiaceae
9,Gymnopogon ambiguus,Bearded Skeletongrass,Poaceae
10,Habenaria distans,Hammock False Rein Orchid,Orchidaceae
4,Habenaria floribunda,Toothpetal False Rein Orchid,Orchidaceae
8,Habenaria nivea,Snowy Orchid,Orchidaceae
7,Habenaria quinqueseta,Longhorn False Rein Orchid,Orchidaceae
7,Habenaria repens,Waterspider False Rein Orchid,Orchidaceae
6,Halodule wrightii,Shoalweed,Cymodoceaceae
7,Halophila decipiens,Caribbean seagrass,Hydrocharitaceae
8,Halophila decipiens,Caribbean Seagrass,Hydrocharitaceae
7,Halophila engelmannii,Engelmann's seagrass,Hydrocharitaceae
8,Halophila engelmannii,Engelmann's Seagrass,Hydrocharitaceae
6,Halophila johnsonii,Johnson's seagrass,Hydrocharitaceae
4,Hamelia patens,Firebush,Rubiaceae
4,Harrisella porrecta,Needleroot Airplant Orchid,Orchidaceae
9,Harrisia aboriginum,Prickly Applecactus,Cactaceae
8,Harrisia simpsonii,Simpson's Applecactus,Cactaceae
1,Helenium amarum,Spanish Daisy; Bitterweed,Onagraceae
2,Helenium flexuosum,Purplehead Sneezeweed,Asteraceae
8,Helenium pinnatifidum,Southeastern Sneezeweed,Asteraceae
3,Helianthemum corymbosum,Pinebarren Frostweed,Cistaceae
5,Helianthemum nashii,Florida Scrub Frostweed,Cistaceae
6,Helianthus agrestis,Southeastern Sunflower,Asteraceae
6,Helianthus angustifolius,Narrowleaf Sunflower; Swamp Sunflower,Asteraceae
4,Helianthus debilis,East Coast Dune Sunflower,Asteraceae
4,Helianthus debilis subsp. vestitus,West Coast Dune Sunflower,Asteraceae
6,Helianthus radula,Stiff Sunflower,Asteraceae
2,Heliotropium angiospermum,Scorpionstail,Boraginaceae
2,Heliotropium curassavicum,Seaside Heliotrope; Salt Heliotrope,Boraginaceae
3,Heliotropium polyphyllum,Pineland Heliotrope,Boraginaceae
3,Herissantia crispa,Bladdermallow,Malvaceae
1,Heteropogon contortus,Tanglehead,Asteraceae
1,Heteropogon melanocarpus,Sweet Tanglehead,Poaceae
1,Heterotheca subaxillaris,Camphorweed,Poaceae
10,Hexalectris spicata,Spiked Crested Coralroot,Orchidaceae
8,Hibiscus coccineus,Scarlet Rosemallow,Malvaceae
1,Hibiscus furcellatus,Lindenleaf Rosemallow,Asteraceae
5,Hibiscus grandiflorus,Swamp Rosemallow,Malvaceae
9,Hibiscus poeppigii,Poeppig's Rosemallow,Malvaceae
8,Hieracium megacephalon,Coastalplain Hawkweed,Asteraceae
9,Hippocratea volubilis,Medicine Vine,Celastraceae
9,Hippomane mancinella,Manchineel,Euphorbiaceae
6,Houstonia procumbens,Innocence; Roundleaf Bluet,Rubiaceae
10,Huperzia dichotoma,Hanging Club-Moss,Lycopodiaceae
4,Hydrocotyle umbellata,Manyflower Marshpennywort,Araliaceae
7,Hydrolea corymbosa,Skyflower,Hydroleaceae
7,Hymenocallis latifolia,Mangrove Spiderlily; Perfumed Spiderlily,Amaryllidaceae
9,Hymenocallis palmeri,Alligatorlily,Amaryllidaceae
8,Hymenocallis tridentata,Florida Spiderlily,Amaryllidaceae
10,Hypelate trifoliata,White Ironwood,Sapindaceae
7,Hypericum brachyphyllum,Coastalplain St.John's-Wort,Clusiaceae
7,Hypericum cistifolium,Roundpod St.John's-Wort,Clusiaceae
7,Hypericum crux-andreae,St.Peter's-Wort,Clusiaceae
5,Hypericum edisonianum,Arcadian St.John's-Wort; Edison Ascyrum,Clusiaceae
7,Hypericum fasciculatum,Sandweed; Peelbark St.John's-Wort,Clusiaceae
5,Hypericum gentianoides,Pineweeds; Orangegrass,Clusiaceae
7,Hypericum hypericoides,St.Andrew's-Cross,Clusiaceae
5,Hypericum mutilum,Dwarf St.John's-Wort,Clusiaceae
7,Hypericum myrtifolium,Myrtleleaf St.John's-Wort,Clusiaceae
7,Hypericum reductum,Atlantic St.John's-Wort,Clusiaceae
7,Hypericum tetrapetalum,Fourpetal St.John's-Wort,Clusiaceae
8,Hypoxis curtissii,Common Yellow Stargrass,Hypoxidaceae
8,Hypoxis juncea,Fringed Yellow Stargrass,Hypoxidaceae
8,Hypoxis sessilis,Glossyseed Yellow Stargrass,Hypoxidaceae
6,Hypoxis wrightii,Bristleseed Yellow Stargrass,Hypoxidaceae
5,Hyptis alata,Clustered Bushmint; Musky Mint,Lamiaceae
7,Ilex cassine,Dahoon,Aquifoliaceae
7,Ilex glabra,Inkberry; Gallberry,Aquifoliaceae
9,Ilex krugiana,Tawnyberry Holly; Krug's Holly,Aquifoliaceae
10,Ilex opaca,American Holly,Aquifoliaceae
8,Imperata brasiliensis,Brazilian Satintail,Poaceae
8,Indigofera caroliniana,Carolina Indigo,Fabaceae
2,Indigofera miniata var. florida,Florida Coastal Indigo,Fabaceae
6,Indigofera trita subsp. scabra,Florida Keys Indigo,Fabaceae
9,Ionopsis utricularioides,Delicate Violet Orchid,Orchidaceae
3,Ipomoea alba,Moonflowers; Tropical White Morning-Glory,Convolvulaceae
2,Ipomoea cordatotriloba,Tievine,Convolvulaceae
0,Ipomoea hederacea,Ivyleaf Morning-Glory,Convolvulaceae
0,Ipomoea hederifolia,Scarletcreeper,Convolvulaceae
9,Ipomoea imperati,Beach Morning-Glory,Convolvulaceae
2,Ipomoea indica var. acuminata,Oceanblue Morning-Glory,Convolvulaceae
10,Ipomoea microdactyla,Man-In-The-Ground,Convolvulaceae
4,Ipomoea pes-caprae subsp. brasiliensis,Railroad Vine; Bayhops,Convolvulaceae
6,Ipomoea sagittata,Saltmarsh Morning-Glory,Convolvulaceae
9,Ipomoea tenuissima,Rockland Morning-Glory,Convolvulaceae
3,Ipomoea violacea,Heavenlyblue Morning-Glory,Convolvulaceae
2,Iresine diffusa,Juba's Bush,Amaranthaceae
7,Iris hexagona,Dixie Iris; Prairie Iris,Iridaceae
6,Isoetes flaccida,Florida Quillwort,Isoetaceae
8,Itea virginica,Virginia Willow; Virginia Sweetspire,Iteaceae
8,Iva frutescens,Bigleaf Sumpweed,Asteraceae
5,Iva imbricata,Seacoast Marshelder,Asteraceae
8,Iva microcephala,Piedmont Marshelder,Asteraceae
7,Jacquemontia curtisii,Pineland Clustervine; Pineland Jacquemontia,Convolvulaceae
7,Jacquemontia pentanthos,Skyblue Clustervine,Convolvulaceae
9,Jacquemontia reclinata,Beach Clustervine; Beach Jacquemontia,Convolvulaceae
10,Jacquinia keyensis,Joewood,Theophrastaceae
5,Juncus effusus subsp. solutus,Soft Rush,Juncaceae
5,Juncus marginatus,Shore Rush; Grassleaf Rush,Juncaceae
4,Juncus megacephalus,Bighead Rush,Juncaceae
7,Juncus polycephalos,Manyhead Rush,Juncaceae
4,Juncus repens,Lesser Creeping Rush,Juncaceae
7,Juncus roemerianus,Needle Rush; Needlegrass Rush; Black Rush,Juncaceae
6,Juncus scirpoides,Needlepod Rush,Juncaceae
4,Juniperus virginiana,Red Cedar,Cupressaceae
8,Justicia angusta,Pineland Waterwillow,Acanthaceae
1,Kallstroemia maxima,Big Caltrop,Malvaceae
5,Koanophyllon villosum,Florida Shrub Thoroughwort,Asteraceae
5,Kosteletzkya depressa,White Fenrose; White Fen,Malvaceae
4,Kosteletzkya virginica,Virginia Saltmarsh Mallow,Malvaceae
9,Krugiodendron ferreum,Black Ironwood; Leadwood,Rhamnaceae
0,Kyllinga odorata,Fragrant Spikesedge,Cyperaceae
0,Kyllinga pumila,Low Spikesedge,Cyperaceae
6,Lachnanthes caroliana,Carolina Redroot,Haemodoraceae
8,Lachnocaulon anceps,Whitehead Bogbutton,Eriocaulaceae
8,Lachnocaulon beyrichianum,Southern Bogbutton,Eriocaulaceae
5,Lachnocaulon minus,Small's Bogbutton,Eriocaulaceae
7,Lactuca floridana,Woodland Lettuce,Asteraceae
2,Lactuca graminifolia,Grassleaf Lettuce,Asteraceae
4,Laguncularia racemosa,White Mangrove,Combretaceae
4,Lantana canescens,Hammock Shrubverbena,Verbenaceae
6,Lantana depressa,Rockland Shrubverbena; Pineland Lantana,Verbenaceae
5,Lantana involucrata,Buttonsage,Verbenaceae
9,Lasiacis divaricata,Smallcane; Florida Tibisee,Poaceae
7,Lechea cernua,Nodding Pinweed; Scrub Pinweed,Cistaceae
8,Lechea deckertii,Deckert's Pinweed,Cistaceae
7,Lechea divaricata,Drysand Pinweed; Spreading Pinweed,Cistaceae
7,Lechea sessiliflora,Pineland Pinweed,Cistaceae
7,Lechea torreyi,Piedmont Pinweed,Cistaceae
2,Leersia hexandra,Southern Cutgrass,Poaceae
4,Lemna aequinoctialis,Lesser Duckweed,Araceae
3,Lemna obscura,Little Duckweed,Araceae
4,Lemna valdiviana,Valdivia Duckweed,Araceae
10,Lepanthopsis melanantha,Tiny Orchid,Orchidaceae
0,Lepidium virginicum,Virginia Pepperweed,Brassicaceae
1,Leptochloa dubia,Green Sprangletop,Zygophyllaceae
3,Leptochloa fusca subsp. fascicularis,Bearded Sprangletop,Poaceae
1,Leptochloa virgata,Tropical Sprangletop,Poaceae
6,Liatris chapmanii,Chapman's Gayfeather,Asteraceae
8,Liatris garberi,Garber's Gayfeather,Asteraceae
8,Liatris gracilis,Slender Gayfeather,Asteraceae
7,Liatris spicata,Dense Gayfeather,Asteraceae
7,Liatris tenuifolia,Shortleaf Gayfeather,Asteraceae
8,Liatris tenuifolia var. quadriflora,Shortleaf Gayfeather,Asteraceae
4,Licania michauxii,Gopher Apple,Chrysobalanaceae
8,Licaria triandra,Pepperleaf Sweetwood; Licaria,Lauraceae
8,Lilium catesbaei,Catesby's Lily; Pine Lily,Liliaceae
5,Limnobium spongia,American Spongeplant; Frog's-Bit,Hydrocharitaceae
7,Limonium carolinianum,Carolina Sealavender,Plumbaginaceae
1,Linaria canadensis,Canadian Toadflax,Poaceae
2,Linaria floridana,Apalachicola Toadflax,Veronicaceae
4,Lindernia dubia,Moistbank Pimpernel,Veronicaceae
5,Lindernia dubia var. anagallidea,Yellowseed False Pimpernel,Veronicaceae
3,Lindernia grandiflora,Savannah False Pimpernel,Veronicaceae
1,Linum arenicola,Sand Flax,Veronicaceae
6,Linum carteri,Carter's Flax; Everglades Flax,Linaceae
4,Linum carteri var. smallii,Small's Flax,Linaceae
7,Linum floridanum,Florida Yellow Flax,Linaceae
7,Linum medium var. texanum,Stiff Yellow Flax,Linaceae
10,Liparis nervosa,Pantropical Widelip Orchid; Tall Twayblade,Orchidaceae
8,Lipocarpha maculata,American Halfchaff Sedge,Cyperaceae
7,Lipocarpha micrantha,Smallflower Halfchaff Sedge,Cyperaceae
8,Liquidambar styraciflua,Sweetgum,Altingiaceae
5,Lobelia feayana,Bay Lobelia,Campanulaceae
7,Lobelia glandulosa,Glade Lobelia,Campanulaceae
2,Lobelia homophylla,Pineland Lobelia,Campanulaceae
7,Lobelia paludosa,White Lobelia,Campanulaceae
10,Lomariopsis kunzeana,Holly Vine Fern; Climbing Holly-Fern,Lomariopsidaceae
5,Ludwigia alata,Winged Primrosewillow,Onagraceae
4,Ludwigia arcuata,Piedmont Primrosewillow,Onagraceae
6,Ludwigia curtissii,Curtiss' Primrosewillow,Onagraceae
7,Ludwigia decurrens,Wingleaf Primrosewillow,Onagraceae
4,Ludwigia erecta,Yerba De Jicotea,Onagraceae
3,Ludwigia leptocarpa,Anglestem Primrosewillow,Onagraceae
6,Ludwigia linifolia,Southeastern Primrosewillow,Onagraceae
6,Ludwigia maritima,Seaside Primrosewillow,Onagraceae
3,Ludwigia microcarpa,Smallfruit Primrosewillow,Onagraceae
2,Ludwigia octovalvis,Mexican Primrosewillow,Onagraceae
8,Ludwigia pilosa,Hairy Primrosewillow,Onagraceae
4,Ludwigia repens,Creeping Primrosewillow,Onagraceae
7,Ludwigia suffruticosa,Shrubby Primrosewillow,Onagraceae
7,Lupinus diffusus,Skyblue Lupine,Fabaceae
2,Luziola fluitans,Southern Watergrass,Poaceae
8,Lycium carolinianum,Christmasberry; Carolina Desert-Thorn,Solanaceae
8,Lycopodiella appressa,Southern Club-Moss,Lycopodiaceae
7,Lycopodiella caroliniana,Slender Club-Moss,Lycopodiaceae
4,Lycopodiella cernua,Nodding Club-Moss; Staghorn Club-Moss,Lycopodiaceae
8,Lycopus rubellus,Taperleaf Waterhorehound,Lamiaceae
7,Lygodesmia aphylla,Rose-Rush,Asteraceae
8,Lyonia ferruginea,Rusty Staggerbush,Ericaceae
7,Lyonia fruticosa,Coastalplain Staggerbush,Ericaceae
7,Lyonia lucida,Fetterbush,Ericaceae
5,Lysiloma latisiliquum,False Tamarind,Fabaceae
3,Lythrum alatum var. lanceolatum,Winged Loosestrife,Lythraceae
3,Lythrum flagellare,Florida Loosestrife; Lowland Loosestrife,Lythraceae
3,Lythrum lineare,Wand Loosestrife,Lythraceae
10,Macradenia lutescens,Longgland Orchid; Trinidad Macradenia,Orchidaceae
8,Magnolia virginiana,Sweetbay,Magnoliaceae
2,Malachra fasciata,Roadside Leafbract,Malvaceae
10,Malaxis spicata,Florida Addersmouth Orchid,Orchidaceae
1,Malvastrum corchorifolium,False Mallow,Linaceae
9,Manilkara jaimiqui subsp. emarginata,Wild Dilly,Sapotaceae
9,Marshallia graminifolia,Grassleaf Barbara's Buttons,Asteraceae
10,Matelea floridana,Florida Milkvine; Florida Spiny Pod,Apocynaceae
10,Maxillaria crassifolia,Hidden Orchid,Orchidaceae
10,Maxillaria parviflora,Purple Tiger Orchid; Minnie-Max,Orchidaceae
9,Maytenus phyllanthoides,Florida Mayten,Celastraceae
7,Mecardonia acuminata subsp. peninsularis,Axilflower,Veronicaceae
5,Mecardonia procumbens,Baby Jumpup,Veronicaceae
6,Melanthera angustifolia,,Asteraceae
4,Melanthera nivea,Snow Squarestem,Asteraceae
6,Melanthera parvifolia,,Asteraceae
2,Melochia pyramidata,Pyramidflower,Malvaceae
6,Melochia spicata,Bretonica Peluda,Malvaceae
2,Melochia tomentosa,Woolly Pyramidflower; Teabush; Broomwood,Malvaceae
2,Melothria pendula,Creeping Cucumber,Cucurbitaceae
4,Mentzelia floridana,Poorman's Patch; Stickleaf,Loasaceae
4,Metopium toxiferum,Florida Poisontree; Poisonwood,Anacardiaceae
4,Micranthemum glomeratum,Manatee Mudflower,Veronicaceae
2,Micranthemum umbrosum,Shade Mudflower,Veronicaceae
10,Microgramma heterophylla,Climbing Vine Fern,Polypodiaceae
6,Micromeria brownei var. pilosiuscula,Browne's Savory,Lamiaceae
7,Mikania cordifolia,Florida Keys Hempvine,Asteraceae
3,Mikania scandens,Climbing Hempvine,Asteraceae
4,Mimosa quadrivalvis var. angustata,Sensitive Brier,Fabaceae
4,Mimosa quadrivalvis var. floridana,Florida Sensitive Brier,Fabaceae
0,Mimosa strigillosa,Powderpuff,Fabaceae
10,Mitchella repens,Partridgeberry; Twinberry,Rubiaceae
4,Mitreola petiolata,Lax Hornpod,Loganiaceae
7,Mitreola sessilifolia,Swamp Hornpod,Loganiaceae
10,Monanthochloe littoralis,Shoregrass; Keygrass,Poaceae
4,Monarda punctata,Spotted Beebalm,Lamiaceae
10,Monotropa uniflora,Indianpipe,Ericaceae
4,Morinda royoc,Redgal,Rubiaceae
8,Morus rubra,Red Mulberry,Moraceae
9,Mosiera longipes,Mangroveberry,Myrtaceae
1,Mucuna sloanei,Horseeye Bean,Malvaceae
7,Muhlenbergia capillaris,Hairawn Muhly,Poaceae
7,Muhlenbergia capillaris var. filipes,Gulf Hairawn Muhle,Poaceae
0,Muhlenbergia schreberi,Nimblewill Muhly,Poaceae
4,Myrcianthes fragrans,Twinberry; Simpson's Stopper,Myrtaceae
4,Myrica cerifera,Southern Bayberry; Wax Myrtle,Myricaceae
2,Myriophyllum heterophyllum,Twoleaf Watermilfoil,Haloragaceae
3,Najas guadalupensis,Southern Waternymph,Hydrocharitaceae
4,Nelumbo lutea,American Lotus,Nelumbonaceae
10,Nemastylis floridana,Celestial Lily; Fallflowering Ixia,Iridaceae
7,Nephrolepis biserrata,Giant Sword Fern,Nephrolepidaceae
4,Nephrolepis exaltata,Sword Fern; Wild Boston Fern,Nephrolepidaceae
3,Neptunia pubescens,Tropical Puff,Fabaceae
10,Nevrodium lanceolatum,Ribbon Fern,Polypodiaceae
10,Nolina atopocarpa,Florida Beargrass,Ruscaceae
2,Nothoscordum bivalve,Crowpoison; False Garlic,Alliaceae
4,Nuphar advena,Spatterdock; Yellow Pondlily,Nymphaeaceae
4,Nymphaea elegans,Tropical Royalblue Waterlily,Nymphaeaceae
7,Nymphaea jamesoniana,Jameson's Waterlily; Nightblooming Waterlily,Nymphaeaceae
4,Nymphaea mexicana,Yellow Waterlily,Nymphaeaceae
4,Nymphaea odorata,American White Waterlily,Nymphaeaceae
5,Nymphoides aquatica,Big Floatingheart,Menyanthaceae
9,Nyssa sylvatica var. biflora,Swamp Tupelo,Cornaceae
8,Ocimum campechianum,Wild Sweet Basil,Lamiaceae
7,Oclemena reticulata,Whitetop Aster; Pinebarren Aster,Asteraceae
8,Ocotea coriacea,Lancewood,Lauraceae
4,Odontosoria clavata,Wedgelet Fern,Dennstaedtiaceae
0,Oenothera biennis,Common Eveningprimrose,Onagraceae
4,Oenothera humifusa,Seabeach Eveningprimrose,Onagraceae
0,Oenothera laciniata,Cutleaf Eveningprimrose,Onagraceae
5,Okenia hypogaea,Burrowing Four-O'clock; Beach Peanut,Nyctaginaceae
4,Oldenlandia uniflora,Clustered Mille Graines,Rubiaceae
10,Oncidium ensatum,Florida Dancinglady Orchid,Orchidaceae
5,Ophioglossum crotalophoroides,Bulbous Adder's Tongue,Ophioglossaceae
7,Ophioglossum palmatum,Hand Fern,Ophioglossaceae
4,Ophioglossum petiolatum,Stalked Adder's Tongue,Ophioglossaceae
4,Oplismenus hirtellus,Woodsgrass; Basketgrass,Poaceae
8,Opuntia corallicola,Semaphore Pricklypear; Semaphore Cactus,Cactaceae
6,Opuntia humifusa,Pricklypear,Cactaceae
5,Opuntia stricta,Erect Pricklypear; Shell-Mound Pricklypear,Cactaceae
10,Orontium aquaticum,Goldenclub; Neverwet,Araceae
8,Osmunda cinnamomea,Cinnamon Fern,Osmundaceae
7,Osmunda regalis var. spectabilis,Royal Fern,Osmundaceae
1,Oxalis corniculata,Common Yellow Woodsorrel,Fabaceae
7,Oxypolis filiformis,Water Cowbane,Apiaceae
4,Packera glabella,Butterweed,Asteraceae
7,Palafoxia feayi,Feay's Palafox,Asteraceae
8,Palafoxia integrifolia,Coastalplain Palafox,Asteraceae
9,Panicum abscissum,Cutthroatgrass,Poaceae
8,Panicum amarum,Bitter Panicgrass,Poaceae
7,Panicum anceps,Beaked Panicum,Poaceae
1,Panicum dichotomiflorum,Fall Panicgrass,Oxalidaceae
2,Panicum dichotomiflorum var. bartowense,Fall Panicgrass,Poaceae
4,Panicum hemitomon,Maidencane,Poaceae
6,Panicum hians,Gaping Panicum,Poaceae
6,Panicum rigidulum,Redtop Panicum,Poaceae
7,Panicum tenerum,Bluejoint Panicum,Poaceae
5,Panicum verrucosum,Warty Panicgrass,Poaceae
4,Panicum virgatum,Switchgrass,Poaceae
1,Parietaria floridana,Florida Pellitory,Poaceae
4,Parietaria praetermissa,Clustered Pellitory,Urticaceae
8,Paronychia americana,American Nailwort,Caryophyllaceae
3,Parthenocissus quinquefolia,Virginia Creeper; Woodbine,Vitaceae
7,Paspalidium chapmanii,Coral Panicum; Coral Panicgrass,Poaceae
6,Paspalidium geminatum,Egyptian Paspalidium; Kissimmeegrass,Poaceae
5,Paspalum blodgettii,Coral Paspalum; Blodgett's Crowngrass,Poaceae
4,Paspalum boscianum,Bull Crowngrass,Poaceae
4,Paspalum caespitosum,Blue Crowngrass,Poaceae
2,Paspalum conjugatum,Sour Paspalum; Hilograss,Poaceae
2,Paspalum distichum,Knotgrass,Poaceae
4,Paspalum floridanum,Florida Paspalum,Poaceae
7,Paspalum laeve,Field Paspalum,Poaceae
8,Paspalum monostachyum,Gulfdune Paspalum,Poaceae
4,Paspalum praecox,Early Paspalum,Poaceae
7,Paspalum repens,Water Paspalum,Poaceae
2,Paspalum setaceum,Thin Paspalum,Poaceae
4,Paspalum vaginatum,Seashore Paspalum,Poaceae
3,Passiflora incarnata,Purple Passionflower,Passifloraceae
7,Passiflora multiflora,Whiteflower Passionflower,Passifloraceae
8,Passiflora pallens,Pineland Passionflower; Pineland Passionvine,Passifloraceae
8,Passiflora sexflora,Goatsfoot,Passifloraceae
2,Passiflora suberosa,Corkystem Passionflower,Passifloraceae
7,Pavonia paludicola,Swampbush,Malvaceae
10,Pecluma dispersa,Widespread Polypody,Polypodiaceae
10,Pecluma plumula,Plume Polypody,Polypodiaceae
9,Pecluma ptilodon var. caespitosa,Comb Polypody; Swamp Plume Polypody,Polypodiaceae
1,Pectis glaucescens,Sanddune Cinchweed,Urticaceae
1,Pectis linearifolia,Florida Cinchweed,Asteraceae
1,Pectis prostrata,Spreading Cinchweed,Asteraceae
1,Pectis x floridana,,Asteraceae
10,Pelexia adnata,Hachuela; Pelexia,Orchidaceae
4,Peltandra virginica,Green Arrow Arum,Araceae
7,Penstemon multiflorus,Manyflower Beardtongue,Veronicaceae
7,Pentalinon luteum,Wild Allamanda; Hammock Viperstail,Apocynaceae
5,Pentodon pentandrus,Hales's Pentodon,Rubiaceae
10,Peperomia alata,Winged Peperomia,Piperaceae
10,Peperomia glabella,Cypress Peperomia,Piperaceae
10,Peperomia humilis,Low Peperomia,Piperaceae
10,Peperomia magnoliifolia,Spoonleaf Peperomia; Spathulate Peperomia,Piperaceae
10,Peperomia obtusifolia,Florida Peperomia; Baby Rubberplant,Piperaceae
10,Peperomia rotundifolia,Yerba Linda,Piperaceae
8,Persea borbonia,Red Bay,Lauraceae
8,Persea borbonia var. humilis,Silk Bay,Lauraceae
6,Persea palustris,Swamp Bay,Lauraceae
4,Petiveria alliacea,Guinea Hen Weed,Petiveriaceae
9,Phanopyrum gymnocarpon,Savannah Panicum,Poaceae
2,Phaseolus polystachios,Thicket Bean,Fabaceae
3,Phlebodium aureum,Golden Polypody,Polypodiaceae
7,Phoebanthus grandiflorus,Florida False Sunflower,Asteraceae
8,Phoradendron leucarpum,Oak Mistletoe,Viscaceae
10,Phoradendron rubrum,Mahogany Mistletoe,Viscaceae
2,Phragmites australis,Common Reed,Poaceae
2,Phyla nodiflora,Turkey Tangle Fogfruit; Capeweed,Verbenaceae
5,Phyla stoechadifolia,Southern Fogfruit; Southern Matchsticks,Verbenaceae
3,Phyllanthus abnormis,Drummond's Leafflower,Euphorbiaceae
4,Phyllanthus caroliniensis subsp. saxicola,Rock Carolina Leafflower,Euphorbiaceae
4,Phyllanthus pentaphyllus var. floridanus,Fivepetal Leafflower,Euphorbiaceae
1,Physalis angulata,Cutleaf Groundcherry,Asteraceae
3,Physalis angustifolia,Coastal Groundcherry,Solanaceae
2,Physalis pubescens,Husk Tomato,Solanaceae
6,Physalis walteri,Walter's Groundcherry,Solanaceae
7,Physostegia purpurea,Eastern False Dragonhead,Lamiaceae
2,Phytolacca americana,American Pokeweed,Phytolaccaceae
3,Picramnia pentandra,Florida Bitterbush,Picramniaceae
1,Pilea microphylla,Artillery Plant; Rockweed,Solanaceae
7,Piloblephis rigida,Wild Pennyroyal,Lamiaceae
10,Pinguicula caerulea,Blueflower Butterwort,Lentibulariaceae
7,Pinguicula lutea,Yellow Butterwort,Lentibulariaceae
8,Pinguicula pumila,Small Butterwort,Lentibulariaceae
8,Pinus clausa,Sand Pine,Pinaceae
4,Pinus elliottii,Slash Pine,Pinaceae
6,Pinus palustris,Longleaf Pine,Pinaceae
8,Piptochaetium avenacioides,Florida Needlegrass,Poaceae
4,Piriqueta cistoides subsp. caroliniana,Pitted Stripeseed,Turneraceae
7,Piscidia piscipula,Florida Fishpoison Tree; Jamaican Dogwood,Fabaceae
5,Pisonia aculeata,Devil's Claws; Pullback,Nyctaginaceae
2,Pistia stratiotes,Water-Lettuce,Araceae
6,Pithecellobium keyense,Florida Keys Blackbead,Fabaceae
7,Pithecellobium unguis-cati,Catclaw Blackbead,Fabaceae
5,Pityopsis graminifolia,Narrowleaf Silkgrass,Asteraceae
1,Pityrogramma trifoliata,Goldenrod Fern,Urticaceae
0,Plantago virginica,Virginia Plantain; Southern Plantain,Plantaginaceae
10,Pleopeltis astrolepis,Star-Scale Polypody; Star-Scaled Fern,Polypodiaceae
4,Pleopeltis polypodioides var. michauxiana,Resurrection Fern,Polypodiaceae
10,Pleurothallis gelida,Flor De Llanten; Frosted Orchid,Orchidaceae
1,Pluchea carolinensis,Cure-For-All,Pteridaceae
6,Pluchea foetida,Stinking Camphorweed,Asteraceae
4,Pluchea odorata,Sweetscent,Asteraceae
4,Pluchea rosea,Rosy Camphorweed,Asteraceae
2,Plumbago scandens,Doctorbush,Plumbaginaceae
7,Pogonia ophioglossoides,Rose Pogonia; Snakemouth Orchid,Orchidaceae
1,Poinsettia cyathophora,Paintedleaf; Fire-On-The-Mountain,Asteraceae
1,Poinsettia heterophylla,Fiddler's Spurge; Mexican Fireplant,Euphorbiaceae
5,Poinsettia pinetorum,Pineland Spurge; Everglades Poinsettia,Euphorbiaceae
7,Polanisia tenuifolia,Slenderleaf Clammyweed,Brassicaceae
7,Polygala balduinii,Baldwin's Milkwort,Polygalaceae
8,Polygala boykinii,Boykin's Milkwort,Polygalaceae
7,Polygala cruciata,Drumheads,Polygalaceae
8,Polygala cymosa,Tall Pinebarren Milkwort,Polygalaceae
3,Polygala grandiflora,,Polygalaceae
8,Polygala incarnata,Procession Flower,Polygalaceae
6,Polygala lutea,Orange Milkwort,Polygalaceae
5,Polygala nana,Candyroot,Polygalaceae
5,Polygala polygama,Racemed Milkwort,Polygalaceae
6,Polygala ramosa,Low Pinebarren Milkwort,Polygalaceae
6,Polygala rugelii,Yellow Milkwort,Polygalaceae
7,Polygala setacea,Coastalplain Milkwort,Polygalaceae
8,Polygala smallii,Small's Milkwort; Tiny Polygala,Polygalaceae
6,Polygala verticillata var. isocycla,Whorled Milkwort,Polygalaceae
5,Polygonella ciliata,Hairy Jointweed,Polygonaceae
6,Polygonella gracilis,Tall Jointweed,Polygonaceae
7,Polygonella polygama,October Flower,Polygonaceae
4,Polygonella polygama var. brachystachya,October Flower,Polygonaceae
5,Polygonella robusta,Largeflower Jointweed; Sandhill Wireweed,Polygonaceae
4,Polygonum densiflorum,Denseflower Knotweed,Polygonaceae
3,Polygonum hydropiperoides,Mild Waterpepper; Swamp Smartweed,Polygonaceae
3,Polygonum punctatum,Dotted Smartweed,Polygonaceae
7,Polygonum setaceum,Bog Smartweed,Polygonaceae
10,Polypodium triseriale,Angle-Vein Fern,Polypodiaceae
1,Polypremum procumbens,Rustweed; Juniperleaf,Euphorbiaceae
9,Polystachya concreta,Greater Yellowspike Orchid,Orchidaceae
3,Pontederia cordata,Pickerelweed,Pontederiaceae
10,Ponthieva brittoniae,Britton's Shadow Witch,Orchidaceae
8,Ponthieva racemosa,Hairy Shadow Witch,Orchidaceae
1,Portulaca pilosa,Pink Purslane; Kiss-Me-Quick,Tetrachondraceae
4,Portulaca rubricaulis,Redstem Purslane,Portulacaceae
4,Potamogeton illinoensis,Illinois Pondweed,Potamogetonaceae
10,Prescotia oligantha,Small Prescott Orchid,Orchidaceae
2,Priva lappulacea,Catstongue; Velvetburr,Verbenaceae
4,Proserpinaca palustris,Marsh Mermaidweed,Haloragaceae
7,Proserpinaca pectinata,Combleaf Mermaidweed,Haloragaceae
10,Prosthechea boothiana var. erythronioides,Dollar Orchid,Orchidaceae
8,Prosthechea cochleata,Clamshell Orchid; Florida Cockleshell Orchid,Orchidaceae
10,Prosthechea pygmaea,Dwarf Butterfly Orchid; Dwarf Epidendrum,Orchidaceae
9,Prunus myrtifolia,West Indian Cherry,Rosaceae
2,Pseudognaphalium obtusifolium,Sweet Everlasting; Rabbit Tobacco,Asteraceae
10,Pseudophoenix sargentii,Sargent's Cherry Palm,Arecaceae
3,Psilotum nudum,Whisk-Fern,Psilotaceae
9,Psychotria ligustrifolia,Bahama Wild Coffee,Rubiaceae
4,Psychotria nervosa,Wild Coffee,Rubiaceae
7,Psychotria sulzneri,Shortleaf Wild Coffee,Rubiaceae
4,Pteridium aquilinum var. caudatum,Lacy Bracken,Dennstaedtiaceae
4,Pteridium aquilinum var. pseudocaudatum,Tailed Bracken,Dennstaedtiaceae
4,Pteris bahamensis,Bahama Ladder Brake,Pteridaceae
6,Pterocaulon pycnostachyum,Blackroot,Asteraceae
8,Pteroglossaspis ecristata,Giant Orchid; Non-Crested Eulophia,Orchidaceae
2,Ptilimnium capillaceum,Mock Bishopsweed; Herbwilliam,Apiaceae
9,Quercus chapmanii,Chapman's Oak,Fagaceae
8,Quercus elliottii,Running Oak,Fagaceae
9,Quercus geminata,Sand Live Oak,Fagaceae
9,Quercus inopina,Scrub Oak,Fagaceae
9,Quercus laevis,Turkey Oak,Fagaceae
4,Quercus laurifolia,Laurel Oak; Diamond Oak,Fagaceae
8,Quercus minima,Dwarf Live Oak,Fagaceae
7,Quercus myrtifolia,Myrtle Oak,Fagaceae
4,Quercus nigra,Water Oak,Fagaceae
4,Quercus virginiana,Live Oak,Fagaceae
5,Quercus x rolfsii,,Fagaceae
4,Randia aculeata,White Indigoberry,Rubiaceae
5,Rapanea punctata,Myrsine; Colicwood,Myrsinaceae
7,Rayjacksonia phyllocephala,Camphor Daisy,Asteraceae
5,Reimarochloa oligostachya,Florida Reimargrass,Poaceae
9,Reynosia septentrionalis,Darlingplum,Rhamnaceae
5,Rhabdadenia biflora,Rubbervine; Mangrovevine,Apocynaceae
8,Rhexia cubensis,West Indian Meadowbeauty,Melastomataceae
6,Rhexia mariana,Pale Meadowbeauty,Melastomataceae
5,Rhexia nashii,Maid Marian,Melastomataceae
7,Rhexia nuttallii,Nuttall's Meadowbeauty,Melastomataceae
5,Rhexia petiolata,Fringed Meadowbeauty,Melastomataceae
10,Rhipsalis baccifera,Mistletoe Cactus,Cactaceae
4,Rhizophora mangle,Red Mangrove,Rhizophoraceae
5,Rhus copallinum,Winged Sumac,Anacardiaceae
8,Rhynchosia cinerea,Brownhair Snoutbean,Fabaceae
8,Rhynchosia michauxii,Michaux's Snoutbean,Fabaceae
1,Rhynchosia minima,Least Snoutbean,Portulacaceae
8,Rhynchosia parvifolia,Small-Leaf Snoutbean,Fabaceae
8,Rhynchosia reniformis,Dollarleaf,Fabaceae
8,Rhynchosia swartzii,Swartz's Snoutbean,Fabaceae
9,Rhynchospora baldwinii,Baldwin's Beaksedge,Cyperaceae
9,Rhynchospora breviseta,Shortbristle Beaksedge,Cyperaceae
8,Rhynchospora caduca,Anglestem Beaksedge,Cyperaceae
7,Rhynchospora cephalantha,Bunched Beaksedge,Cyperaceae
8,Rhynchospora chapmanii,Chapman's Beaksedge,Cyperaceae
9,Rhynchospora ciliaris,Fringed Beaksedge,Cyperaceae
4,Rhynchospora colorata,Starrush Whitetop,Cyperaceae
8,Rhynchospora corniculata,Shortbristle Horned Beaksedge,Cyperaceae
5,Rhynchospora divergens,Spreading Beaksedge,Cyperaceae
5,Rhynchospora eximia,Florida Beaksedge; Baldrush,Cyperaceae
6,Rhynchospora fascicularis,Fascicled Beaksedge,Cyperaceae
7,Rhynchospora fernaldii,Fernald's Beaksedge,Cyperaceae
7,Rhynchospora filifolia,Threadleaf Beaksedge,Cyperaceae
4,Rhynchospora floridensis,Florida Whitetop,Cyperaceae
6,Rhynchospora globularis,Globe Beaksedge,Cyperaceae
8,Rhynchospora grayi,Gray's Beaksedge,Cyperaceae
10,Rhynchospora harperi,Harper's Beaksedge,Cyperaceae
9,Rhynchospora intermedia,Pinebarren Beaksedge,Cyperaceae
6,Rhynchospora inundata,Narrowfruit Horned Beaksedge,Cyperaceae
8,Rhynchospora latifolia,Giant Whitetop; Sandswamp Whitetop,Cyperaceae
8,Rhynchospora megalocarpa,Sandyfield Beaksedge,Cyperaceae
3,Rhynchospora microcarpa,Southern Beaksedge,Cyperaceae
6,Rhynchospora microcephala,Bunched Beaksedge,Cyperaceae
9,Rhynchospora miliacea,Millet Beaksedge,Cyperaceae
4,Rhynchospora nitens,Shortbeak Beaksedge; Baldrush,Cyperaceae
4,Rhynchospora odorata,Fragrant Beaksedge,Cyperaceae
7,Rhynchospora plumosa,Plumed Beaksedge,Cyperaceae
5,Rhynchospora pusilla,Fairy Beaksedge,Cyperaceae
7,Rhynchospora rariflora,Fewflower Beaksedge,Cyperaceae
8,Rhynchospora tracyi,Tracy's Beaksedge,Cyperaceae
8,Rhynchospora wrightiana,Wright's Beaksedge,Cyperaceae
5,Rivina humilis,Rougeplant,Petiveriaceae
6,Rorippa palustris subsp. fernaldiana,Bog Yellowcress,Brassicaceae
1,Rorippa teres,Southern Marsh Yellowcress,Fabaceae
2,Rotala ramosior,Lowland Rotala; Toothcup,Lythraceae
5,Rubus cuneifolius,Sand Blackberry,Rosaceae
3,Rubus trivialis,Southern Dewberry,Rosaceae
4,Rudbeckia hirta,Blackeyed Susan,Asteraceae
7,Ruellia caroliniensis,Carolina Wild Petunia,Acanthaceae
7,Ruellia ciliosa,Ciliate Wild Petunia,Acanthaceae
8,Ruellia succulenta,Thickleaf Wild Petunia,Acanthaceae
4,Rumex verticillatus,Swamp Dock,Polygonaceae
4,Ruppia maritima,Wigeon grass,Ruppiaceae
10,Ruppia maritima,Wigeongrass,Ruppiaceae
8,Sabal etonia,Scrub Palmetto,Arecaceae
9,Sabal minor,Dwarf Palmetto; Bluestem Palm,Arecaceae
2,Sabal palmetto,Cabbage Palm,Arecaceae
8,Sabatia bartramii,Bartram's Rosegentian,Gentianaceae
7,Sabatia brevifolia,Shortleaf Rosegentian,Gentianaceae
8,Sabatia calycina,Coastal Rosegentian,Gentianaceae
7,Sabatia grandiflora,Largeflower Rosegentian,Gentianaceae
4,Sabatia stellaris,Rose-Of-Plymouth,Gentianaceae
6,Saccharum giganteum,Sugarcane Plumegrass,Poaceae
4,Sacciolepis striata,American Cupscale,Poaceae
8,Sachsia polycephala,Bahama Sachsia,Asteraceae
4,Sacoila lanceolata,Leafless Beaked Ladiestresses,Orchidaceae
9,Sacoila lanceolata var. paludicola,Leafy Beaked Ladiestresses,Orchidaceae
9,Sageretia minutiflora,Smallflower Mock Buckthorn,Rhamnaceae
10,Sagittaria filiformis,Threadleaf Arrowhead,Alismataceae
6,Sagittaria graminea,Grassy Arrowhead,Alismataceae
8,Sagittaria graminea var. chapmanii,Chapman's Arrowhead,Alismataceae
4,Sagittaria isoetiformis,Quillwort Arrowhead,Alismataceae
4,Sagittaria lancifolia,Bulltongue Arrowhead,Alismataceae
4,Sagittaria latifolia,Broadleaf Arrowhead; Duck Potato,Alismataceae
5,Salicornia bigelovii,Annual Glasswort; Dwarf Glasswort,Amaranthaceae
4,Salix caroliniana,Carolina Willow; Coastalplain Willow,Salicaceae
7,Salvia azurea,Azure Blue Sage,Lamiaceae
1,Salvia coccinea,Tropical Sage; Blood Sage,Lamiaceae
2,Salvia lyrata,Lyreleaf Sage,Lamiaceae
2,Salvia misella,Southern River Sage; River Sage,Lamiaceae
1,Salvia occidentalis,West Indian Sage,Lamiaceae
1,Salvia serotina,Littlewoman,Lamiaceae
3,Sambucus nigra subsp. canadensis,American Elder; Elderberry,Adoxaceae
6,Samolus ebracteatus,Water Pimpernel; Limewater Brookweed,Primulaceae
4,Samolus valerandi subsp. parviflorus,Pineland Pimpernel; Seaside Brookweed,Primulaceae
7,Sapindus saponaria,Soapberry,Sapindaceae
5,Sarcocornia perennis,Perennial Glasswort; Virginia Glasswort,Amaranthaceae
2,Sarcostemma clausum,White Twinevine,Apocynaceae
5,Saururus cernuus,Lizard's Tail,Saururaceae
8,Scaevola plumieri,Beachberry; Inkberry; Gullfeed,Goodeniaceae
9,Schaefferia frutescens,Florida Boxwood,Celastraceae
4,Schizachyrium gracile,Wire Bluestem,Poaceae
9,Schizachyrium rhizoratum,,Poaceae
2,Schizachyrium sanguineum,Crimson Bluestem,Poaceae
6,Schizachyrium scoparium,Little Bluestem,Poaceae
7,Schizachyrium stolonferum,,Poaceae
10,Schizaea pennula,Ray Fern,Schizaeaceae
7,Schoenocaulon dubium,Florida Feathershank,Melanthiaceae
8,Schoenolirion albiflorum,White Sunnybell,Hyacinthaceae
7,Schoenus nigricans,Black Bogrush,Cyperaceae
8,Schoepfia chrysophylloides,Graytwig,Olacaceae
6,Scirpus americanus,American Bulrush,Cyperaceae
5,Scirpus californicus,Giant Bulrush; California Bulrush,Cyperaceae
1,Scirpus pungens,Threesquare Bulrush,Cyperaceae
2,Scirpus robustus,Saltmarsh Bulrush,Cyperaceae
4,Scirpus tabernaemontani,Softstem Bulrush,Cyperaceae
8,Scleria baldwinii,Baldwin's Nutrush,Cyperaceae
4,Scleria ciliata,Fringed Nutrush,Cyperaceae
8,Scleria ciliata var. curtissii,,Cyperaceae
6,Scleria ciliata var. pauciflora,,Cyperaceae
8,Scleria distans,Riverswamp Nutrush,Cyperaceae
7,Scleria georgiana,Slenderfruit Nutrush,Cyperaceae
7,Scleria lithosperma,Florida Keys Nutrush,Cyperaceae
5,Scleria reticularis,Netted Nutrush,Cyperaceae
5,Scleria triglomerata,Tall Nutgrass; Whip Nutrush,Cyperaceae
7,Scleria verticillata,Low Nutrush,Cyperaceae
2,Scoparia dulcis,Sweetbroom; Licoriceweed,Veronicaceae
7,Scutellaria arenicola,Florida Scrub Skullcap,Lamiaceae
5,Scutellaria havanensis,Havana Skullcap,Lamiaceae
6,Scutellaria integrifolia,Helmet Skullcap,Lamiaceae
9,Selaginella arenicola,Sand Spike-Moss,Selaginellaceae
10,Selaginella armata var. eatonii,Eaton's Spike Moss; Pygmy Spike Moss,Selaginellaceae
4,Senna ligustrina,Privet Wild Sensitive Plant,Fabaceae
7,Senna mexicana var. chapmanii,Chapman's Wild Sensitive Plant,Fabaceae
5,Serenoa repens,Saw Palmetto,Arecaceae
6,Sericocarpus tortifolius,Whitetop Aster; Dixie Aster,Asteraceae
2,Sesbania herbacea,Danglepod,Fabaceae
0,Sesbania vesicaria,Bladderpod; Bagpod,Brassicaceae
3,Sesuvium maritimum,Slender Seapurslane,Aizoaceae
4,Sesuvium portulacastrum,Shoreline Seapurslane,Aizoaceae
6,Setaria corrugata,Coastal Bristlegrass; Coastal Foxtail,Poaceae
6,Setaria macrosperma,Coral Bristlegrass; Coral Foxtail,Poaceae
5,Setaria magna,Giant Bristlegrass,Poaceae
3,Setaria parviflora,Yellow Bristlegrass; Knotroot Foxtail,Poaceae
7,Seymeria pectinata,Piedmont Blacksenna,Orobanchaceae
1,Sida acuta,Common Wireweed; Common Fanpetals,Malvaceae
0,Sida antillensis,Antilles Fanpetals,Fabaceae
0,Sida ciliaris,Bracted Fanpetals; Fringed Fanpetals,Malvaceae
4,Sida elliottii,Elliott's Fanpetals,Malvaceae
1,Sida rhombifolia,Cuban Jute; Indian Hemp,Malvaceae
8,Sideroxylon celastrinum,Saffron Plum,Sapotaceae
9,Sideroxylon foetidissimum,False Mastic,Sapotaceae
7,Sideroxylon reclinatum,Florida Bully,Sapotaceae
9,Sideroxylon reclinatum subsp. austrofloridense,Florida Bully,Sapotaceae
5,Sideroxylon salicifolium,Willow Bustic; White Bully,Sapotaceae
8,Sideroxylon tenax,Tough Bully,Sapotaceae
8,Simarouba glauca,Paradisetree,Simaroubaceae
4,Sisyrinchium angustifolium,Narrowleaf Blue-Eyed Grass,Iridaceae
5,Sisyrinchium nashii,Nash's Blue-Eyed Grass,Iridaceae
8,Sisyrinchium xerophyllum,Jeweled Blue-Eyed Grass,Iridaceae
4,Smilax auriculata,Earleaf Greenbrier,Smilacaceae
4,Smilax bonnox,Saw Greenbrier,Smilacaceae
8,Smilax havanensis,Everglades Greenbrier,Smilacaceae
7,Smilax laurifolia,Laurel Greenbrier; Bamboo Vine,Smilacaceae
8,Smilax tamnoides,Bristly Greenbrier; Hogbrier,Smilacaceae
1,Solanum americanum,American Black Nightshade,Solanaceae
7,Solanum bahamense,Bahama Nightshade; Cankerberry,Solanaceae
3,Solanum chenopodioides,Black Nightshade,Solanaceae
7,Solanum donianum,Mullein Nightshade,Solanaceae
3,Solanum erianthum,Potatotree,Solanaceae
5,Solidago fistulosa,Pinebarren Goldenrod,Asteraceae
6,Solidago leavenworthii,Leavenworth's Goldenrod,Asteraceae
6,Solidago odora var. chapmanii,Chapman's Goldenrod,Asteraceae
4,Solidago sempervirens,Seaside Goldenrod,Asteraceae
4,Solidago stricta,Wand Goldenrod,Asteraceae
7,Solidago tortifolia,Twistedleaf Goldenrod,Asteraceae
9,Sophora tomentosa var. truncata,Yellow Necklacepod,Fabaceae
8,Sorghastrum secundum,Lopsided Indiangrass,Poaceae
6,Spartina alterniflora,Saltmarsh Cordgrass; Smooth Cordgrass,Poaceae
7,Spartina bakeri,Sand Cordgrass,Poaceae
8,Spartina patens,Marshhay Cordgras; Saltmeadow Cordgrass,Poaceae
8,Spartina spartinae,Gulf Cordgrass,Poaceae
2,Spermacoce assurgens,Woodland False Buttonweed,Rubiaceae
2,Spermacoce keyensis,Florida False Buttonweed,Rubiaceae
4,Spermacoce prostrata,Prostrate False Buttonweed,Rubiaceae
8,Spermacoce terminalis,Everglades Key False Buttonweed,Rubiaceae
2,Spermacoce tetraquetra,Pineland False Buttonweed,Rubiaceae
1,Spermolepis divaricata,Roughfruit Scaleseed,Apiaceae
1,Spermolepis echinata,Bristly Scaleseed,Apiaceae
1,Spigelia anthelmia,West Indian Pinkroot,Strychnaceae
10,Spiranthes amesiana,Ames' Ladiestresses,Orchidaceae
4,Spiranthes brevilabris,Texas Ladiestresses; Small Ladiestresses,Orchidaceae
10,Spiranthes costaricensis,Costa Rican Ladiestresses,Orchidaceae
10,Spiranthes cranichoides,Cranichis Ladiestresses,Orchidaceae
10,Spiranthes elata,Tall Neottia; Tall Ladiestresses,Orchidaceae
5,Spiranthes floridana,Florida Ladiestresses,Orchidaceae
5,Spiranthes laciniata,Lacelip Ladiestresses,Orchidaceae
7,Spiranthes longilabris,Longlip Ladiestresses,Orchidaceae
8,Spiranthes odorata,Fragrant Ladiestresses; Marsh Ladiestresses,Orchidaceae
8,Spiranthes praecox,Greenvein Ladiestresses,Orchidaceae
8,Spiranthes torta,Southern Ladiestresses,Orchidaceae
9,Spiranthes tuberosa,Little Ladiestresses; Little Pearl-Twist,Orchidaceae
6,Spiranthes vernalis,Spring Ladiestresses,Orchidaceae
2,Spirodela polyrhiza,Common Duckweed,Araceae
2,Sporobolus compositus var. clandestinus,Hidden Dropseed; Rough Dropseed,Poaceae
4,Sporobolus domingensis,Coral Dropseed,Poaceae
8,Sporobolus junceus,Pineywoods Dropseed,Poaceae
2,Sporobolus pyramidatus,Whorled Dropseed,Poaceae
6,Sporobolus virginicus,Seashore Dropseed,Poaceae
1,Stachys floridana,Florida Hedgenettle; Florida Betony,Lamiaceae
1,Stachytarpheta jamaicensis,Blue Porterweed; Joee,Verbenaceae
9,Stenandrium dulce,Sweet Shaggytuft,Acanthaceae
4,Stenaria nigricans,Diamondflowers,Rubiaceae
7,Stenaria nigricans var. floridana,Florida Diamondflowers,Rubiaceae
0,Stenotaphrum secundatum,St. Augustinegrass,Malvaceae
8,Stillingia aquatica,Water Toothleaf; Corkwood,Euphorbiaceae
8,Stillingia sylvatica,Queensdelight,Euphorbiaceae
7,Stipulicida setacea,Pineland Scalypink,Caryophyllaceae
7,Stipulicida setacea var. lacerata,Pineland Scalypink,Caryophyllaceae
2,Stuckenia pectinata,Sago Pondweed,Potamogetonaceae
10,Stylisma abdita,Showy Dawnflower; Hidden Stylisma,Convolvulaceae
5,Stylisma villosa,Hairy Dawnflower,Convolvulaceae
0,Stylosanthes biflora,Sidebeak Pencilflower,Poaceae
9,Stylosanthes calcicola,Everglades Key Pencilflower,Fabaceae
0,Stylosanthes hamata,"Cheesytoes, Pencilflower",Fabaceae
10,Styrax americanus,American Snowbell,Styracaceae
4,Suaeda linearis,Sea Blite; Annual Seepweed,Amaranthaceae
5,Suriana maritima,Bay Cedar,Surianaceae
4,Swietenia mahagoni,West Indian Mahogany,Meliaceae
7,Symphyotrichum adnatum,Scaleleaf Aster,Asteraceae
4,Symphyotrichum bahamensis,Bahaman Aster,Asteraceae
4,Symphyotrichum bracei,Brace's Aster,Asteraceae
6,Symphyotrichum carolinianum,Climbing Aster,Asteraceae
7,Symphyotrichum concolor,Eastern Silver Aster,Asteraceae
7,Symphyotrichum dumosum,Rice Button Aster,Asteraceae
4,Symphyotrichum elliottii,Elliott's Aster,Asteraceae
4,Symphyotrichum simmondsii,Simmonds' Aster,Asteraceae
7,Syngonanthus flavidulus,Yellow Hatpins,Eriocaulaceae
9,Syringodium filiforme,Manateegrass,Cymodoceaceae
9,Syringodium filiforme,Manateegrass,Cymodoceaceae
8,Taxodium ascendens,Pond-Cypress,Cupressaceae
8,Taxodium distichum,Bald-Cypress,Cupressaceae
10,Tectaria coriandrifolia,Hairy Halberd Fern,Dryopteridaceae
10,Tectaria fimbriata,Least Halberd Fern,Dryopteridaceae
10,Tectaria heracleifolia,Broad Halberd Fern,Dryopteridaceae
10,Tectaria x amesiana,Ames' Halberd Fern,Dryopteridaceae
4,Tephrosia angustissima var. corallicola,Coral Hoarypea,Fabaceae
2,Tephrosia angustissima var. curtissii,Curtiss' Hoarypea,FABACEAE
7,Tephrosia chrysophylla,Scurf Hoarypea,Fabaceae
8,Tephrosia florida,Florida Hoarypea,Fabaceae
5,Tephrosia hispidula,Sprawling Hoarypea,Fabaceae
7,Tephrosia rugelii,Rugel's Hoarypea,Fabaceae
8,Tephrosia spicata,Spiked Hoarypea,Fabaceae
10,Tetrazygia bicolor,Florida Clover Ash; Tetrazygia,Melastomataceae
4,Teucrium canadense,Woodsage; Canadian Germander,Lamiaceae
8,Thalassia testudinum,Turtlegrass,Hydrocharitaceae
9,Thalassia testudinum,Turtlegrass,Hydrocharitaceae
4,Thalia geniculata,Alligatorflag; Fireflag,Marantaceae
6,Thelypteris augescens,Abrupt-Tip Maiden Fern,Thelypteridaceae
10,Thelypteris grandis,Stately Maiden Fern,Thelypteridaceae
5,Thelypteris hispidula var. versicolor,Hairy Maiden Fern,Thelypteridaceae
7,Thelypteris interrupta,Hottentot Fern; Willdenow's Fern,Thelypteridaceae
2,Thelypteris kunthii,Southern Shield Fern,Thelypteridaceae
6,Thelypteris ovata,Ovate Marsh Fern,Thelypteridaceae
8,Thelypteris palustris var. pubescens,Marsh Fern,Thelypteridaceae
10,Thelypteris patens,Grid-Scale Maiden Fern,Thelypteridaceae
10,Thelypteris reptans,Creeping Star-Hair Fern,Thelypteridaceae
4,Thelypteris reticulata,Lattice-Vein Fern,Thelypteridaceae
10,Thelypteris sclerophylla,Stiff Star-Hair Fern,Thelypteridaceae
4,Thelypteris serrata,Toothed Lattice-Vein Fern,Thelypteridaceae
7,Thrinax morrisii,Brittle Thatch Palm; Key Thatch Palm,Arecaceae
7,Thrinax radiata,Florida Thatch Palm,Arecaceae
4,Tillandsia balbisiana,Reflexed Wild Pine,Bromeliaceae
2,Tillandsia fasciculata,Cardinal Airplant,Bromeliaceae
10,Tillandsia fasciculata var. clavispica,Clubspike cardinal airplant,Bromeliaceae
4,Tillandsia fasciculata var. densispica,Stiff-Leaved Wild Pine,Bromeliaceae
8,Tillandsia flexuosa,Twisted Airplant; Banded Airplant,Bromeliaceae
8,Tillandsia paucifolia,Potbelly Airplant,Bromeliaceae
10,Tillandsia pruinosa,Fuzzywuzzy Airplant; Hoary Airplant,Bromeliaceae
2,Tillandsia recurvata,Ballmoss,Bromeliaceae
7,Tillandsia setacea,Southern Needleleaf,Bromeliaceae
2,Tillandsia usneoides,Spanish Moss,Bromeliaceae
3,Tillandsia utriculata,Giant Airplant; Giant Wild Pine,Bromeliaceae
9,Tillandsia variabilis,Leatherleaf Airplant; Soft-Leaved Wild Pine,Bromeliaceae
9,Tillandsia x smalliana,Reddish Wild-Pine,Bromeliaceae
10,Tolumnia bahamensis,Variegated Orchid; Angelita,Orchidaceae
9,Tournefortia hirsutissima,Chiggery Grapes,Boraginaceae
5,Tournefortia volubilis,Twining Soldierbush,Boraginaceae
3,Toxicodendron radicans,Eastern Poison Ivy,Anacardiaceae
8,Tragia saxicola,Florida Keys Noseburn; Rocklands Noseburn,Euphorbiaceae
7,Tragia urens,Wavyleaf Noseburn,Euphorbiaceae
5,Trema lamarckianum,Pain-In-The-Back; West Indian Trema,Celtidaceae
3,Trema micranthum,Nettletree,Celtidaceae
8,Triadenum virginicum,Virginia Marsh St.John's-Wort,Clusiaceae
1,Trianthema portulacastrum,Desert Horsepurslane,Aizoaceae
10,Trichocentrum carthagenense,Coot Bay Dancinglady Orchid,Orchidaceae
10,Trichocentrum undulatum,Cape Sable Dancinglady Orchid,Orchidaceae
10,Trichomanes holopterum,Entire-Winged Bristle Fern,Hymenophyllaceae
10,Trichomanes krausii,Kraus' Bristle Fern; Treemoss Bristle Fern,Hymenophyllaceae
10,Trichomanes lineolatum,Lined Bristle Fern,Hymenophyllaceae
10,Trichomanes punctatum subsp. floridanum,Florida Bristle Fern,Hymenophyllaceae
4,Trichostema dichotomum,Forked Bluecurls,Lamiaceae
9,Trichostigma octandrum,Hoopvine,Petiveriaceae
0,Tridens flavus,Tall Redtop; Purpletop Tridens,Fabaceae
7,Triglochin striata,Arrowgrass,Juncaginaceae
8,Triphora craigheadii,Craighead's Noddingcaps; Craighead's Orchid,Orchidaceae
0,Triphora gentianoides,Gentian Noddingcaps,Poaceae
7,Triplasis americana,Perennial Sandgrass,Poaceae
8,Triplasis purpurea,Purple Sandgrass,Poaceae
4,Tripsacum dactyloides,Eastern Gamagrass; Fakahatcheegrass,Poaceae
9,Tripsacum floridanum,Florida Mock Gamagrass; Florida Tripsacum,Poaceae
10,Tropidia polystachya,Young Palm Orchid,Orchidaceae
2,Typha domingensis,Southern Cattail,Typhaceae
2,Typha latifolia,Broadleaf Cattail,Typhaceae
9,Ulmus americana,American Elm,Ulmaceae
10,Uniola paniculata,Seaoats,Poaceae
2,Urochloa adspersa,Dominican Signalgrass,Poaceae
0,Urtica chamaedryoides,Heartleaf Nettle,Orchidaceae
10,Utricularia amethystina,Florida Purple Bladderwort,Lentibulariaceae
6,Utricularia cornuta,Horned Bladderwort,Lentibulariaceae
4,Utricularia foliosa,Leafy Bladderwort,Lentibulariaceae
8,Utricularia gibba,Humped Bladderwort,Lentibulariaceae
7,Utricularia inflata,Floating Bladderwort,Lentibulariaceae
7,Utricularia juncea,Southern Bladderwort,Lentibulariaceae
6,Utricularia purpurea,Eastern Purple Bladderwort,Lentibulariaceae
8,Utricularia radiata,Little Floating Bladderwort,Lentibulariaceae
6,Utricularia resupinata,Small Purple Bladderwort,Lentibulariaceae
8,Utricularia simulans,Fringed Bladderwort,Lentibulariaceae
7,Utricularia subulata,Zigzag Bladderwort,Lentibulariaceae
9,Vaccinium arboreum,Sparkleberry; Farkleberry,Ericaceae
10,Vaccinium corymbosum,Highbush Blueberry,Ericaceae
8,Vaccinium darrowii,Darrow's Blueberry,Ericaceae
7,Vaccinium myrsinites,Shiny Blueberry,Ericaceae
9,Vaccinium stamineum,Deerberry,Ericaceae
9,Vallesia antillana,Tearshrub,Apocynaceae
4,Vallisneria americana,Tapegrass; American Eelgrass,Hydrocharitaceae
10,Vanilla barbellata,Wormvine Orchid,Orchidaceae
10,Vanilla dilloniana,Leafless Vanilla; Mrs. Lott's Vanilla,Orchidaceae
10,Vanilla mexicana,Mexican Vanilla; Unscented Vanilla,Orchidaceae
10,Vanilla phaeantha,Leafy Vanilla,Orchidaceae
4,Verbena scabra,Sandpaper Vervain; Harsh Vervain,Verbenaceae
4,Verbesina virginica,White Crownbeard; Frostweed,Asteraceae
8,Vernonia blodgettii,Florida Ironweed; Blodgett's Ironweed,Asteraceae
0,Veronica peregrina,Neckweed,Urticaceae
8,Viburnum obovatum,Walter's Viburnum; Small-Leaf Viburnum,Adoxaceae
2,Vicia acutifolia,Fourleaf Vetch,Fabaceae
2,Vigna luteola,Hairypod Cowpea,Fabaceae
6,Viola lanceolata,Bog White Violet,Violaceae
2,Viola sororia,Common Blue Violet,Violaceae
5,Vitis aestivalis,Summer Grape,Vitaceae
4,Vitis cinerea var. floridana,Florida Grape,Vitaceae
3,Vitis rotundifolia,Muscadine,Vitaceae
4,Vitis shuttleworthii,Calloose Grape,Vitaceae
7,Vittaria lineata,Shoestring Fern,Vittariaceae
10,Voyria parasitica,Parasitic Ghostplant,Gentianaceae
2,Waltheria indica,Sleepy Morning,Malvaceae
5,Wolffiella gladiata,Florida Mudmidget,Araceae
5,Wolffiella oblonga,Saber Mudmidget,Araceae
9,Woodwardia areolata,Netted Chain Fern,Blechnaceae
7,Woodwardia virginica,Virginia Chain Fern,Blechnaceae
7,Ximenia americana,Tallow Wood; Hog Plum,Olacaceae
8,Xyris ambigua,Coastalplain Yelloweyed Grass,Xyridaceae
7,Xyris brevifolia,Shortleaf Yelloweyed Grass,Xyridaceae
9,Xyris caroliniana,Carolina Yelloweyed Grass,Xyridaceae
6,Xyris elliottii,Elliott's Yelloweyed Grass,Xyridaceae
9,Xyris fimbriata,Fringed Yelloweyed Grass,Xyridaceae
7,Xyris flabelliformis,Savannah Yelloweyed Grass,Xyridaceae
6,Xyris floridana,Florida Yelloweyed Grass,Xyridaceae
8,Xyris platylepis,Tall Yelloweyed Grass,Xyridaceae
5,Xyris smalliana,Small's Yelloweyed Grass,Xyridaceae
4,Yucca aloifolia,Spanish Bayonet; Aloe Yucca,Agavaceae
7,Yucca filamentosa,Adam's Needle,Agavaceae
9,Zamia pumila,Florida Arrowroot; Coontie,Zamiaceae
7,Zanthoxylum clavherculis,Hercules'-Club,Rutaceae
10,Zanthoxylum coriaceum,Biscayne Pricklyash; Leathery Pricklyash,Rutaceae
7,Zanthoxylum fagara,Wild Lime; Lime Pricklyash,Rutaceae
8,Zephyranthes simpsonii,Redmargin Zephyrlily; Simpson's Zephyrlily,Amaryllidaceae
7,Zizaniopsis miliacea,Southern Wild Rice; Giant Cutgrass,Poaceae
9,Zornia bracteata,Viperina,Fabaceae