Plot (r=??),Species,DBH (cm),Height (m),Notes
HY1,PINELL v. Den,30.0,15.3,TILREC & TILUSN
HY1,SABPAL,21.1,4.7,
HY1,SABPAL,26.9,9.5,
HY1,SABPAL,28.9,12.6,
HY1,SABPAL,30.3,10.9,
HY1,SABPAL,21.9,6.4,
HY1,PIN sp.,38.6,15.4,DEAD
HY1,SABPAL,26.7,11.0,
HY1,SABPAL,27.7,10.6,
HY1,SABPAL,24.6,5.9,
HY1,SABPAL,28.0,10.5,
HY1,SABPAL,24.1,13.0,PHLAUR
HY1,SABPAL,34.4,13.1,PHLAUR
HY1,SABPAL,29.4,13.8,
HY1,SABPAL,28.8,9.2,
HY1,SABPAL,28.1,13.1,"PHLAUR, TILREC"
HY1,QUEVIR,61.4,14.2,"TILSET, PLEMIC, TILREC, TILUSN"
HY1,SABPAL,27.8,12.0,TILREC
HY1,SABPAL,29.5,13.5,TILREC
HY1,PIN,32.4,18.0,"TILREC, TILSET, TILUSN"
HY1,SABPAL,25.9,8.6,
HY1,SABPAL,32.8,9.6,
HY1,SABPAL,25.5,6.5,VITLIN 
HY1,SABPAL,32.1,8.9,VITLIN 
HY1,SABPAL,28.4,13.2,"PHLAUR, TILREC, TILSET"
HY1,SABPAL,31.5,13.7,"PHLAUR, TILREC, TILSET, VITLIN"
HY1,SABPAL,26.5,13.5,"PHLAUR, TILREC "
HY1,SABPAL,26.8,12.5,
HY1,SABPAL,30.1,11.0,"TILREC, "
HY1,SABPAL,29.4,12.8,"PHLAUR, TILREC"
HY1,SABPAL,24.3,11.3,
HY1,SABPAL,32.9,13.0,
HY1,SABPAL,32.2,11.1,
HY2,SABPAL,42.1,2.0,
HY2,NA,11.5,7.5,DEAD
HY2,SABPAL,30.7,2.6,
HY2,SABPAL,27.3,2.1,
HY2,SABPAL,31.7,6.7,
HY2,SABPAL,27.6,7.5,
HY2,SABPAL,27.3,6.0,
HY2,SABPAL,36.3,9.3,
HY2,SABPAL,35.1,4.5,
HY2,SABPAL,41.4,2.7,
HY2,NA,18,2.4,DEAD
HY2,NA,12.2,1.7,DEAD
HY2,SABPAL,30.5,5.5,
HY2,SERREP,11.6,1.5,
HY2,SERREP,9,1.4,
HY2,Nys sp. ,6.5,8.0,
HY2,NYS sp. ,5.4,5.0,
HY2,NYS sp. ,6.2,3.5,
HY2,SERREP,15,1.5,
HY2,SABPAL,30.5,1.8,
HY2,SABPAL,27.2,5.8,
HY2,SABPAL,28.2,5.2,
HY2,SERREP,13.1,1.8,
HY2,SABPAL,29.4,10.3,TOXRAD
HY2,NA,3.5,3.4,DEAD
HY2,SABPAL,25.6,8.1,
HY2,SABPAL,25.9,9.5,
HY2,SABPAL,28.2,13.7,
HY2,SABPAL,29.2,12.4,VITROT
HY2,SABPAL,30.1,9.6,PHLAUR
HY2,NA,14,9.5,DEAD
HY2,SABPAL,28.5,5.8,
HY2,SABPAL,29.8,9.0,
HY2,PINELL,44.2,24.1,
HY2,SABPAL,20.2,1.7,
HY2,SERREP,6,1.4,
HY2,SABPAL,38.8,2.8,
HY2,SABPAL,36.3,2.9,
HY2,SABPAL,38.9,2.9,
HY3,SABPAL,27.3,12.2,
HY3,SABPAL,23.4,11.8,
HY3,SABPAL,30.1,8.0,
HY3,SABPAL,27.6,11.3,
HY3,QUEVIR,57.5,8.2,Scourched 
HY3,SABPAL,36.1,12.5,
HY3,SABPAL,27.9,12.5,
HY3,SABPAL,40.9,4.1,
HY3,SABPAL,27.8,9.7,
HY3,SABPAL,27.8*,9.7*,
HY3,SABPAL,29.6,1.8,
HY3,SABPAL,38.1,1.9,
HY3,SABPAL,23.7,6.5,
HY3,SABPAL,27.6,8.0,
HY3,SABPAL,24.7,8.8,PHLAUR
HY3,SABPAL,31.0,13.3,
HY3,SABPAL,33.4,13.0,
HY3,SABPAL,28.7,8.5,
HY3,SABPAL,23.7,13.3,PHLAUR
HY3,SABPAL,29.5,13.3*,PHLAUR
HY3,SABPAL,25.1,10.1,
HY3,SABPAL,30.4,16.3,PHLAUR
HY3,SABPAL,32.8,15.1,PHLAUR
HY3,SABPAL,27.3,8.4,
HY3,SABPAL,28.1,7.8,
HY3,SABPAL,19.9,1.7,
HY3,SABPAL,31.7,15.3,
HY3,SABPAL,29.4,15.1,
HY3,SABPAL,23.1,1.7,
HY3,SABPAL,29.2,3.1,
HY3,QUEVIR,13.2,4.1,Scourched 
HY3,SABPAL,32.2,2.4,
HY3,SABPAL,29.0,10.1,
HY3,QUEVIR,36.0,9.5,
HY3,QUEVIR,5.0,3.4,DEAD
HY3,SABPAL,29.6,2.5,
HY4,SABAL,23.3,10.9,"TILREC, VITROT"
HY4,SABAL,26.8,11.6,PHLAUR
HY4,SABAL,30.1,13.2,PHLAUR
HY4,NA,7.5,2.7,DEAD
HY4,SABAL,23.0,7.0,
HY4,QUEVIR,27.4,7.7,"VITROT, TOXRAD, PLEMIC, TILUSN"
HY4,VITROT,3.9,7.7*,
HY4,SABAL,27.4,7.9,
HY4,SABAL,37.6,2.7,
HY4,SABAL,32.0,11.7,
HY4,SABAL,25.2,7.2,DEAD
HY4,SABAL,25.9,1.8,
HY4,SABAL,27.4,6.7,
HY4,PINELL,18.2,13.7,"SMI sp., "
HY4,NA,28.7,5.4,DEAD. SMI sp.
HY4,SABPAL,21.2,1.7,
HY4,SABPAL,40.2,3.5,
HY4,SABPAL,25.0,1.6,
HY4,SABPAL,30.0,10.7,VITROT
HY4,SABPAL,30.0*,7.7,
HY4,SABPAL,28.7,9.5,
HY4,PINELL,26.1,16.3,
HY4,SABPAL,32.6,6.2,
HY4,SABPAL,25.3,7.1,
HY4,QUEVIR,54.0,9.9,"SMI sp., VITROT. Fire scar"
HY4,SABPAL,25.6,10.0,
HY4,SABPAL,32.6,10.7,
HY4,SABPAL,31.0,12.3,
HY5,SABPAL,27.3,9.8,
HY5,SABPAL,28.0,10.7,
HY5,SABPAL,27.0,14.7,PHLAUR
HY5,SABPAL,37.4,5.4,
HY5,SABPAL,33.2,10.5,PHLAUR
HY5,SABPAL,29.9,14.5,PHLAUR
HY5,SABPAL,20.3,1.6,
HY5,SABPAL,32.7,10.0,PHLAUR
HY5,SABPAL,30.5,10.3,
HY5,SABPAL,31.3,12.4,
HY5,SABPAL,29.9,7.3,
HY5,SABPAL,28.5,12.0,PHLAUR
HY5,QURVIR,14.4,6.4,
HY5,SABPAL,27.6,6.0,
HY5,SABPAL,26.7,9.8,
HY5,SABPAL,27.8,9.7,
HY5,SABPAL,28.5,11.6,
HY5,SABPAL,24.0,11.0,
HY5,SABPAL,31.8,10.8,
HY5,SABPAL,25.5,11.2,
HY5,SABPAL,29.1,10.7,
HY5,SABPAL,29.2,10.1,
HY5,SABPAL,28.5,9.2,
HY5,SABPAL,32.0,20.3,
HY5,SABPAL,26.8,4.3,
HY5,SABPAL,20.5,8.9,
HY5,SABPAL,29.1,11.2,
HY5,SABPAL,23.2,5.7,
HY5,SABPAL,25.6,14.9,
HY5,SABPAL,30.5,12.4,
HY5,SABPAL,32.5,12.9,
HY5,QUELAU,42.0,18.4,
HY5,SABPAL,29.4,13.5,
HY5,SABPAL,24.6,5.4,TILREC
HY5,SABPAL,30.6,19.3,
HY5,SABPAL,29.2,11.5,
HY5,SABPAL,26.1,11.5*,
HY5,SABPAL,22.1,11.0,
HY5,SABPAL,30.7,10.1,
HY5,SABPAL,29.5,11.5,
HY5,SABPAL,28.7,14.3,
HY5,SABPAL,19.7,1.5,
HY6,SABPAL,30.7,10.4,TILUSN
HY6,QUEVIR,54.8,26.1,"TILSET, TILREC, TILUSN"
HY6,SABPAL,29.1,10.7,
HY6,QUEVIR,49.6,25.2,"TILSET, PLEMIC, TILUSN, TILBAL"
HY6,SABPAL,25,10.4,TILUSN
HY6,SABPAL,28,10.5,TILUSN
HY6,SABPAL,34.5,12.2,TILUSN
HY6,SABPAL,28.6,13.4,TILUSN
HY6,QUEVIR,101.5,26.3,TILUSN
HY6,SABPAL,42.5,2.7,
HY6,SABPAL,29,9.1,"TILUSN, TILSET"
HY6,SABPAL,39.1,5.3,TILUSN
HY6,SABPAL,31,11.7,"TILSET, TILREC"
HY6,SABPAL,27.8,11,"TILREC, TILUSN, PHLAUR"
HY6,SABPAL,52.3,2.7,
HY6,SABPAL,24.3,4.5,DEAD
HY6,SABPAL,45.2,1.5,
HY6,SABPAL,32,14.7,PHLAUR
HY6,SABPAL,27.1,9.9,
HY6,SABPAL,45.5,1.5,
HY6,SABPAL,49.5,2.8,
HY6,SABPAL,49.5*,1.4,
HY6,SABPAL,31.3,7.5,TILUSN
HY6,QUEVIR,69,25.4,"TILUSN, TILSET, PLEMIC, TILREC"
HY6,SABPAL,54.5,2.3,TILUSN
HY6,SABPAL,54.3,4.7,TILUSN
HY6,SABPAL,39.5,3.5,TILUSN
HY6,SABPAL,42.6,2.4,"TILUSN, TILSET"
HY6,SABPAL,39.7,5.6,"TILUSN, TILSET"
HY6,QUEVIR,55.3,12,"TILSET, PLEMIC, TILUSN, TILREC"
HY6,SABPAL,48.5,3.6,TILUSN
HY6,QUEVIR,78.3,25.2,"PARQUI, PLEMIC, TILSET, TILREC, TILBAL"
HY6,NA,18.6,4.1,ALMOST DEAD
HY7,SABPAL,30.4,11.3,
HY7,SABPAL,31.4,11.3,
HY7,SABPAL,24.3,7.7,
HY7,SABPAL,24.8,4.4,
HY7,SABPAL,33.0,1.9,
HY7,SABPAL,28.2,2.9,
HY7,QUEVIR,44.5,15.4,TILREC
HY7,PINELL,14.5,15.6,
HY7,SABPAL,27.6,5.3,
HY7,SABPAL,25.4,4.3,
HY7,PINELL,29.4,19.2,TILREC
HY7,SABPAL,32.5,9.5,
HY7,SABPAL,26.3,7.3,
HY7,PINELL,22.0,18.3,"TILREC, TILUSN"
HY7,PINELL,48.3,25.6,TILREC
HY7,SABPAL,34.0,2.3,
HY7,SABPAL,21.3,2.6,
HY7,QUEVIR,43.2,11.6,"TILSET, TILREC, TILUSN"
HY7,SABPAL,21.9,5.3,
HY7,SABPAL,35.0,10.7,
HY7,SABPAL,29.4,4.3,
HY7,SABPAL,30.5,8.9,
HY7,SABPAL,21.2,11.0,
HY7,SABPAL,31.1,5.3,
HY8,SABPAL,29.9,7.7,
HY8,SABPAL,35.5,3.1,
HY8,NA,12.5,10.3,DEAD
HY8,NA,18.5,8.5,DEAD
HY8,PINELL,27.9,7.1,DEAD
HY8,PINELL,17.0,13.7,TILUSN
HY8,SABPAL,19.7,1.4,
HY8,SABPAL,34.4,5.8,
HY8,SABPAL,33.8,8.3,
HY8,SABPAL,36.9,3.6,SMI sp.
HY8,SABPAL,39.5,3.0,
HY8,SABPAL,38.4,2.3,
HY8,SABPAL,21.8,1.4,
HY8,SABPAL,21.3,1.3,
HY8,SABPAL,15.1,1.3,
HY8,PINELL,6.5,6.7,SMI sp.
HY8,SABPAL,33.0,3.1,
HY8,SABPAL,27.8,1.7,
HY8,SABPAL,25.6,1.3,
HY8,SABPAL,31.8,1.9,
HY8,PINELL,14.1,10.3,
HY8,MORCER,2.6,2.2,
HY8,MORCER,2.6,2.2,
HY8,PINELL,33.8,28.8,
HY8,MORCER,2.6,2.5,
HY8,MORCER,2.6,2.3,
HY8,MORCER,2.6,2.2,
HY8,MORCER,2.6,2.3,
HY8,MORCER,2.6,2.2,
HY8,MORCER,2.6,2.4,
HY9,SERREP,6.3,1.7,
HY9,SERREP,4.7,2.0,
HY9,QUEVIR,63.1,20.1,"TILUSN, TILREC, TILSET, PLEMIC"
HY9,SERREP,4.5,1.7,
HY9,PINELL,5.7,13.3,Scortched
HY9,SERREP,4.5,2.0,
HY9,PINELL,13.3,11.6,
HY9,SERREP,6.5,2.5,
HY9,SERREP,3.8,1.7,
HY9,PINELL,30.1,22.5,
HY9,SABPAL,26.2,10.5,
HY9,NA,17.4,21.0,DEAD/SCORTCHED
HY9,SABPAL,17.2,5.3,
HY9,PINELL,42.2,22.2,TILUSN
HY9,NA,40.8,20.1,
HY9,NA,25.2,15.3,
HY10,QUEVIR,61.5,20.1,"ENCTAM, PLEMIC, TILSET, TILREC, TILUSN, TILSIM"
HY10,SABPAL,35.1,11.6,"TILSET, TILREC"
HY10,SABPAL,26.1,11.4,"TILSET, TILREC, TILUSN, PHLAUR"
HY10,SABPAL,23.7,12.2,"TILREC, "
HY10,SABPAL,22.0,6.4,TILSET
HY10,QUEVIR,47.8,19.3,"PLEMIC, TILSET, TILUSN, TILREC, TILSIM"
HY10,SABPAL,29.5,9.0,"TILSET, TILUSN, TILREC"
HY10,SABPAL,27.6,13.2,"TILREC, "
HY10,SABPAL,28.4,8.4,"TILUSN, TILREC, "
HY10,SABPAL,31.2,13.4,PHLAUR
HY10,SABPAL,28.8,12.8,"VITLIN, PHLAUR, "
HY10,SABPAL,27.2,7.9,"TILREC, VITLIN"
HY10,SABPAL,25.5,13.5,"TILUSN, TILREC, PHLAUR, TILSET"
HY10,SABPAL,27.4,8.6,
HY10,SABPAL,29.1,12.3,TILREC
HY10,QUEVIR,71.4,19.3,"PLEMIC, TILSIM, TILSET, TILUSN, ENCTAM"
HY10,SABPAL,26.7,13.5,"TILREC, TILSET, PHLAUR, "
HY10,SABPAL,24.6,13.1,"TILREC, TILSET, PHLAUR, VITLIN"
HY10,SABPAL,32.2,13.7,"PHLAUR, VITLIN, "
HY10,SABPAL,22.9,12.9,"PHLAUR,  "
HY10,SABPAL,30.4,6.7,"VITLIN, PHLAUR, TILSET, "
HY10,SABPAL,31.4,14.1,"VITLIN, TILREC, PHLAUR, TILSET"
HY10,SABPAL,45.0,1.7,
HY10,SABPAL,15.6,1.3,
HY10,SABPAL,23.7,10.4,"PHLAUR, TILREC"
HY10,SABPAL,29.7,9.5,"VITLIN, TILREC, TILSET"
HY10,SABPAL,29.8,11.5,"VITLIN, TILSET, TILREC, PHLAUR"
HY10,SABPAL,29.9,16.4,"TILREC, PHLAUR, TILUSN"
HY10,SABPAL,36.0,3.6,
HY10,SABPAL,23.0,10.0,"VITLIN, TILSET, TILREC"
HY10,SABPAL,22.6,2.5,"VITSET, VITLIN"
HY10,SABPAL,22.5,11.5,"VITSET, PHLAUR, TILREC"
HY10,SABPAL,34.0,10.6,"TILSET, TILUSN, "
HY10,SABPAL,37.0,16.5,"TILUSN, TILSET, TILREC, PHLAUR, VITLIN"
HY10,SABPAL,26.1,9.5,"TILREC, TILSET, VITLIN, "
HY10,SABPAL,24.7,11.7,"TILUSN, TILSET, TILREC,  "
HY10,SABPAL,30.6,11.9,"TILREC, TILSET, PHLAUR, "
HY10,SABPAL,28.8,12.3,"PHLAUR, VITLIN, "
HY10,QUEVIR,35.3,13.6,"PLEMIC, TILSET, ENCTAM, TILUSN, TILREC"
HY10,SABPAL,29.0,11.6,"TILUSN, PHLAUR, "
HY10,SABPAL,25.5,5.8,"VITLIN, TILSET"
HY10,ULMAME,13.2,10.0,"VITSET, TILUSN, PLEMIC"
HY11,NA,46.5,8.9,DEAD
HY11,SABPAL,24.5,1.3,
HY11,QUELAU,17.2,8.7,"TILUSN, TILSET"
HY11,SABPAL,28.2,6.2,"VITLIN, PHLAUR"
HY11,SABPAL,27.8,2.8,
HY11,SABPAL,25.7,5.6,
HY11,SABPAL,31.6,8.9,"PHLAUR, TILUSN"
HY11,SABPAL,30.8,8.7,PHLAUR
HY11,QUEVIR,50.6,12.5,"PLEMIC, TILAUR, TILREC, TILUSN, PHLAUR, VITLIN ,VITROT"
HY11,VITROT,5.8,12.5*,
HY11,VITROT,5.1,12.5*,
HY11,SABPAL,29.9,8.2,"PHLAUR, VITLIN, SMI sp., "
HY11,QUEVIR,7.8,3.4,
HY11,SABPAL,40.4,1.7,
HY11,SABPAL,23.5,5.0,"VITROT, VITLIN, "
HY11,SABPAL,28.6,12.0,"PHLAUR, TILSET"
HY11,SABPAL,28.9,12.1,"PHLAUR, SMI sp., VITROT, "
HY11,SABPAL,23.1,4.3,VITLIN
HY11,QUEVIR,41.2,9.9,"TILAUR, PLEMIC, TILREC"
HY11,SABPAL,34.1,7.8,"TILSET, PHLAUR"
HY11,QUEVIR,35.2,10.3,"TILSET, PLEMIC, TILUSN, TILREC"
HY12,SABPAL,28.0,7.0,PHLAUR
HY12,SABPAL,31.4,6.9,PHLAUR
HY12,SABPAL,28.3,1.7,
HY12,SABPAL,29.2,6.8,PHLAUR
HY12,SERREP,9.5,1.4,
HY12,SABPAL,27.5,6.7,
HY12,SABPAL,30.0,7.2,
HY12,SABPAL,30.8,7.6,PHLAUR
HY12,SABPAL,27.9,5.1,"PHLAUR, VITLIN"
HY12,SABPAL,29.2,9.1,TILREC
HY12,SABPAL,26.3,7.5,PARQUI
HY12,SABPAL,33.2,9.5,
HY12,SABPAL,28.6,8.6,PHLAUR
HY12,SABPAL,53.5,3.1,
HY12,SABPAL,29.9,3.6,VITLIN
HY12,SABPAL,28.3,8.4,"TILSET,"
HY12,SABPAL,28.5,10.2,TILSET
HY12,SABPAL,35.2,9.7,PHLAUR
HY12,SABPAL,42.3,1.6,
HY12,SABPAL,24.1,4.6,PHLAUR
HY12,SABPAL,31.3,7.4,
HY12,SABPAL,29.8,7.5,PHLAUR
HY12,SABPAL,35.2,3.4,
HY12,SABPAL,23.2,1.4,
HY12,SABPAL,24.0,1.8,
HY12,SABPAL,26.2,1.6,
HY12,SABPAL,26.3,6.9,PHLAUR
HY12,SABPAL,51.0,3.5,
HY12,SABPAL,47.5,4.7,
HY12,QUEVIR,34.0,8.4,"TILSET, TILREC, TILUSN, PLEMIC"
HY12,SABPAL,31.2,2.6,
HY12,SABPAL,29.0,5.1,PHLAUR
HY12,QURLAU,50.9,10.7,"TILSET, PARQUI, TILUSN, TILREC"
HY13,SABPAL,36.7,1.5,
HY13,SABPAL,29.8,16.2,"PARQUI, TILUSN, TILREC, PHLAUR, TILSET"
HY13,SABPAL,28.8,11.5,"TILREC, TILUSN, TILSET"
HY13,SABPAL,33.8,11.1,"TILSET, PHLAUR, TILUSN, TILREC"
HY13,SABPAL,30.0,10.4,"PHLAUR, TILUSN, TILSET"
HY13,SABPAL,25.7,8.9,"TILSET, TILREC, TILUSN"
HY13,SABPAL,30.3,7.2,
HY13,SABPAL,30.9,13.3,"TILSET, TILREC, TILUSN, PHLAUR"
HY13,SABPAL,29.5,11.2,"TILSET, TILREC, TILUSN, PHLAUR"
HY13,QUEVIR,43.0,14.8,"TILREC, TILSET, TILUSN"
HY13,SABPAL,26.9,6.5,"TILREC, TILSET, TILUSN"
HY13,SABPAL,13.5,1.4,
HY13,QUEVIR,52.8,15.2,"TILREC, TILUSN, PLEMIC, TILSET"
HY13,SABPAL,33.8,11.3,"TILSET, TILREC"
HY13,SABPAL,28.3,12.4,"PHLAUR, TILREC, TILUSN, TILSET, "
HY13,SABPAL,35.7,12.5,"TILSET, PHLAUR"
HY13,SABPAL,28.1,10.6,"TILREC, TILSET, TILUSN, PHLAUR"
HY13,SABPAL,37.8,9.4,"TILSET, TILUSN, "
HY13,SABPAL,51.5,3.5,
HY13,SABPAL,41.1,6.2,
HY13,SABPAL,38.5,1.5,
HY13,SABPAL,25.2,1.6,
HY13,SABPAL,39.6,12.2,"PHLAUR, "
HY13,SABPAL,44.0,5.7,
HY13,SABPAL,33.2,3.1,
HY13,SABPAL,31.2,7.8,"TILSET, "
HY13,SABPAL,31.9,9.1,"TILSET, PHLAUR"
HY13,SABPAL,28.6,9.3,"TILSET, VITLIN, TILUSN, PHLAUR"
HY13,SABPAL,33.2,13.5,"TILREC, TILSET, PARQUI, PHLAUR, TILUSN"
HY13,SABPAL,29.1,10.6,"TILSET, TILREC, PHLAUR"
HY13,SABPAL,31.3,12.3,"TILUSN, TILREC, TILSET, PHLAUR, "
HY13,SABPAL,29.0,10.9,"TILUSN, TILREC, TILSET, "
HY13,SABPAL,32.0,11.8,"TILSET, PHLAUR, TILUSN, TILREC"
HY13,SABPAL,23.3,6.5,"VITLIN, TILSET, PHLAUR"
HY13,SABPAL,22.4,6.8,PHLAUR
HY13,SABPAL,32.8,12.6,"PHLAUR, PARQUI, TILREC, "
HY13,SABPAL,38.5,12.8,"TILSET, PHLAUR, PARQUI, TILUSN, "
HY13,SABPAL,25.7,13.0,"TILREC, TILUSN, TILSET"
HY13,SABPAL,30.3,12.3,"TILUSN, TILSET, TILREC, PHLAUR"
HY13,SABPAL,26.2,13.3,"TILUSN, TILREC, VITLIN, TILSET"
HY13,SABPAL,35.5,11.0,"TILREC, TILUSN, TILSET, "
HY13,SABPAL,22.8,3.7,"VITLIN, TILSET, PHLAUR"
HY13,SABPAL,30.9,16.6,"TOXRAD, TILREC, TILUSN, "
HY14,,,,
HY15,,,,
CD1,TAXASC,21.5,15.8,
CD1,TAXASC,19.4,13.4,
CD1,TAXASC,16.0,10.6,
CD1,TAXASC,25.2,15.3,
CD1,TAXASC,25.8,16.7,
CD1,TAXASC,10.5,7.4,
CD1,TAXASC,21.5,20.0,
CD1,TAXASC,9.7,7.5,DEAD
CD1,TAXASC,13.7,12.1,Browning
CD1,TAXASC,27.0,19.5,
CD1,TAXASC,34.3,19.5*,
CD1,TAXASC,24.1,19.6,
CD1,TAXASC,11.9,10.7,
CD1,TAXASC,20.8,14.5,
CD1,TAXASC,22.6,19.3,
CD1,TAXASC,22.5,18.4,
CD1,TAXASC,15.3,13.3,
CD1,TAXASC,20.1,19.3,
CD1,TAXASC,24.2,19.6,
CD1,TAXASC,19.5,18.2,
CD1,TAXASC,21.3,19.3,
CD1,TAXASC,15.8,13.5,
CD1,TAXASC,21.4,18.4,
CD1,TAXASC,25.2,19.4,
CD1,TAXASC,10.2,8.3,
CD1,TAXASC,26.0,20.8,
CD1,TAXASC,16.6,16.9,
CD1,TAXASC,28.7,21.6,
CD1,TAXASC,31.2,21.8,
CD1,TAXASC,18.0,19.2,
CD1,TAXASC,15.0,12.5,
CD1,TAXASC,34.3,19.3,TOXRAD
CD1,TAXASC,28.7,19.3*,
CD1,TAXASC,24.1,19.9,
CD1,TAXASC,25.2,20.4,
CD1,TAXASC,24.3,18.2,
CD1,TAXASC,29.5,19.7,
CD1,TAXASC,26.2,19.3,
CD1,TAXASC,17.9,18.5,
CD1,TAXASC,22.8,18.3,
CD1,TAXASC,18.4,16.5,
CD1,TAXASC,14.7,17.1,
CD1,TAXASC,28.6,21.7,
CD1,TAXASC,25.2,21.3,
CD1,TAXASC,17.2,16.3,Browning/dying
CD1,TAXASC,7.8,5.4,
CD1,TAXASC,16.0,12.9,
CD1,TAXASC,18.6,18.3,
CD1,TAXASC,24.2,19.0,
CD1,TAXASC,11.8,9.3,DEAD
CD1,TAXASC,23.5,19.8,
CD1,TAXASC,16.5,16.0,
CD1,TAXASC,30.2,19.1,
CD1,TAXASC,29.5,19.2,
CD1,TAXASC,12.2,12.9,
CD1,TAXASC,12.3,12.9,
CD1,TAXASC,22.5,19.1,
CD1,TAXASC,21.2,19.3,
CD1,TAXASC,17.0,17.1,
CD1,TAXASC,21.1,19.0,
CD1,TAXASC,6.8,5.0,
CD1,TAXASC,21.9,15.7,
CD1,TAXASC,15.2,12.2,
CD1,TAXASC,9.8,9.0,Split
CD1,TAXASC,16.2,15.8,Spit
CD1,TAXASC,21.2,18.6,
CD1,TAXASC,23.2,18.4,
CD1,TAXASC,29.5,15.3,
CD1,TAXASC,22.7,15.0,
CD1,TAXASC,16.9,14.8,
CD1,TAXASC,26.5,15.4,
CD1,TAXASC,16.7,14.0,
CD1,TAXASC,12.1,7.9,
CD1,TAXASC,23.7,13.9,
CD1,TAXASC,22.8,18.7,
CD1,TAXASC,11.0,9.4,
CD2,TAXASC,27.7,19.0,
CD2,TAXASC,11.5,10.4,
CD2,TAXASC,29.2,19.3,
CD2,TAXASC,17.0,10.2,
CD2,TAXASC,15.8,10.2*,
CD2,TAXASC,41.0,19.6,
CD2,NA,42.5,16.5,DEAD
CD2,TAXASC,26.8,19.3,
CD2,TAXASC,13.6,9.1,
CD2,TAXASC,39.6,18.5,
CD2,TAXASC,22.0,18.5*,
CD2,TAXASC,16.0,17.5,
CD2,TAXASC,25.8,18.0,
CD2,TAXASC,36.8,17.8,
CD2,TAXASC,17.9,11.5,
CD2,TAXASC,35.5,19.1,
CD2,TAXASC,45.3,19.2,
CD2,TAXASC,30.4,19.3,
CD2,TAXASC,33.4,9.0,DEAD
CD2,TAXASC,38.8,16.5,
CD2,TAXASC,16.9,9.4,
CD2,TAXASC,23.7,12.2,
CD2,TAXASC,21.2,12.1,DEAD
CD2,TAXASC,24.5,19.3,DEAD
CD2,TAXASC,35.1,19.5,
CD2,TAXASC,41.5,24.4,
CD2,TAXASC,32.9,20.1,
CD2,TAXASC,34.5,18.1,
CD2,TAXASC,35.0,10.4,DEAD
CD2,TAXASC,35.1,21.0,
CD2,TAXASC,35.0,21.1,
CD2,TAXASC,34.2,22.3,
CD2,TAXASC,40.8,22.4,
CD2,TAXASC,37.2,25.6,
CD2,TAXASC,34.0,25.0,
CD2,TAXASC,32.0,14.3,
CD2,TAXASC,25.2,25.0,
CD2,TAXASC,33.5,24.3,
CD2,TAXASC,37.8,25.4,
CD2,TAXASC,42.2,23.4,
CD2,TAXASC,25.8,14.3,DEAD
CD3,TAXASC,33.4,19.5,
CD3,TAXASC,34.8,21.0,
CD3,TAXASC,48.2,25.5,
CD3,TAXASC,33.6,24.5,
CD3,TAXASC,38.9,3.4,DEAD
CD3,TAXASC,37.0,22.5,
CD3,TAXASC,33.2,22.9,
CD3,TAXASC,29.6,21.3,
CD3,TAXASC,30.5,22.4,
CD3,TAXASC,25.7,11.2,DEAD
CD3,TAXASC,24.5,19.3,
CD3,TAXASC,25.7,15.5,
CD3,TAXASC,29.0,21.1,
CD3,TAXASC,29.5,20.0,
CD3,TAXASC,23.1,15.8,
CD3,TAXASC,33.5,23.7,
CD3,TAXASC,25.8,19.3,
CD3,TAXASC,29.5,1.8,DEAD
CD3,TAXASC,26.2,17.8,
CD3,TAXASC,33.2,20.1,
CD3,TAXASC,30.0,19.3,
CD3,TAXASC,37.2,19.3*,
CD3,TAXASC,34.9,20.4,
CD3,TAXASC,35.0,21.4,
CD3,TAXASC,11.2,7.6,
CD3,TAXASC,14.8,10.0,
CD3,TAXASC,32.2,20.7,
CD3,TAXASC,35.7,21.0,
CD3,TAXASC,2.8,1.8,Split
CD3,TAXASC,2.5,2.6,Split
CD3,TAXASC,14.6,11.9,
CD3,TAXASC,23.0,18.0,
CD3,TAXASC,21.6,10.5,
CD3,TAXASC,22.4,12.1,
CD3,TAXASC,28.5,17.6,
CD3,TAXASC,21.7,18.0,Split
CD3,TAXASC,11.1,9.1,Split
CD3,TAXASC,25.9,20.4,
CD3,TAXASC,16.9,13.9,
CD3,TAXASC,10.9,10.5,
CD3,TAXASC,6.3,5.5,
CD3,TAXASC,19.9,15.1,
CD3,TAXASC,12.6,8.0,
CD3,TAXASC,22.9,16.4,
CD3,TAXASC,13.5,9.1,
CD3,TAXASC,5.5,5.3,
CD3,TAXASC,21.5,15.5,
CD3,TAXASC,8.9,6.6,
CD3,TAXASC,32.7,19.8,
CD3,TAXASC,23.1,12.2,
CD3,TAXASC,18.0,14.6,
CD3,TAXASC,8.9,5.0,Split
CD4,TAXASC,15.2,12.6,Split
CD4,TAXASC,26.6,20.8,
CD4,TAXASC,22.4,23.7,
CD4,TAXASC,38.0,21.0,
CD4,TAXASC,24.8,18.4,
CD4,TAXASC,31.2,19.6,
CD4,TAXASC,30.9,23.4,
CD4,TAXASC,11.9,12.9,DEAD
CD4,TAXASC,27.3,19.5,
CD4,TAXASC,23.5,16.9,
CD4,TAXASC,29.1,23.5,
CD4,TAXASC,19.0,11.1,DEAD
CD4,TAXASC,20.6,15.3,
CD4,TAXASC,20.6*,18.2,
CD4,TAXASC,19.0,7.2,DEAD
CD4,TAXASC,26.1,14.0,
CD4,TAXASC,19.1,15.6,
CD4,TAXASC,12.1,2.5,DEAD
CD4,TAXASC,23.1,15.5,
CD4,TAXASC,23.4,17.5,
CD4,TAXASC,22.6,17.8,
CD4,TAXASC,17.7,14.3,
CD4,TAXASC,21.8,14.3,
CD4,TAXASC,18.0,11.5,
CD4,TAXASC,15.8,9.5,
CD4,TAXASC,25.0,18.2,
CD4,TAXASC,29.2,18.0,
CD4,TAXASC,27.3,16.5,DEAD
CD4,TAXASC,16.0,12.6,
CD4,TAXASC,18.7,12.7,
CD4,TAXASC,10.3,6.0,DEAD
CD4,TAXASC,22.3,12.7,
CD4,TAXASC,22.6,17.2,
CD4,TAXASC,31.0,20.5,
CD4,TAXASC,30.4,21.0,
CD4,TAXASC,26.5,19.4,
CD4,TAXASC,28.5,20.1,
CD4,TAXASC,24.6,20.2,
CD4,TAXASC,23.4,16.7,
CD4,TAXASC,19.3,16.5,
CD4,TAXASC,27.9,22.3,
CD4,TAXASC,31.9,20.8,
CD4,TAXASC,15.3,21.6,
CD4,TAXASC,24.9,10.2,
CD4,TAXASC,14.2,19.6,
CD4,TAXASC,18.9,19.8,
CD4,TAXASC,23.5,12.5,
CD4,TAXASC,29.6,22.9,
CD4,TAXASC,14.2,9.8,
CD4,TAXASC,24.6,21.1,
CD4,TAXASC,27.0,22.6,
CD4,TAXASC,33.6,21.9,
CD4,TAXASC,29.0,22.4,
CD5,TAXASC,23.6,18.4,
CD5,TAXASC,28.4,22.3,
CD5,TAXASC,36.1,22.3*,
CD5,TAXASC,25.4,15.8,"DEAD, TOXRAD"
CD5,TAXASC,26.3,20.2,
CD5,TAXASC,5.2,5.4,
CD5,TAXASC,3.0,2.3,DENPOR
CD5,TAXASC,14.6,11.4,
CD5,TAXASC,5.3,5.3,
CD5,TAXASC,3.8,5.2,
CD5,TAXASC,9.5,10.5,Split
CD5,TAXASC,2.5,3.4,Split
CD5,TAXASC,11.3,9.3,
CD5,TAXASC,13.9,11.3,
CD5,TAXASC,3.7,3.5,
CD5,TAXASC,22.9,13.5,
CD5,TAXASC,7.0,6.1,
CD5,TAXASC,10.7,11.5,
CD5,TAXASC,3.4,4.9,
CD5,TAXASC,2.6,3.3,
CD5,TAXASC,4.9,5.7,
CD5,TAXASC,5.5,6.8,
CD5,TAXASC,3.8,4.8,
CD5,TAXASC,6.3,5.9,
CD5,TAXASC,8.9,9.0,
CD5,TAXASC,6.1,7.1,
CD5,TAXASC,19.7,13.3,
CD5,TAXASC,14.9,13.4,
CD5,TAXASC,3.0,2.6,
CD5,TAXASC,4.2,4.8,
CD5,TAXASC,17.1,12.3,
CD5,TAXASC,3.2,3.7,
CD5,TAXASC,21.8,13.1,
CD5,TAXASC,13.5,11.9,
CD5,TAXASC,25.2,15.7,
CD5,TAXASC,18.5,13.5,
CD5,TAXASC,10.7,10.1,
CD5,TAXASC,13.9,10.6,
CD5,TAXASC,8.9,9.0,
CD5,TAXASC,19.2,10.3,
CD5,TAXASC,22.6,14.7,
CD5,TAXASC,7.8,8.6,
CD5,TAXASC,5.7,8.2,
CD5,TAXASC,7.2,6.2,
CD5,TAXASC,2.5,3.2,
CD5,TAXASC,7.2,6.5,
CD5,TAXASC,5.9,7.4,
CD5,TAXASC,5.8,6.0,
CD5,TAXASC,8.6,7.7,Split
CD5,TAXASC,9.9,8.6,Split
CD5,TAXASC,3.5,4.0,
CD5,TAXASC,7.8,7.3,
CD5,TAXASC,9.8,8.5,
CD5,TAXASC,7.3,6.3,Split
CD5,TAXASC,7.4,6.7,Split
CD5,TAXASC,11.2,7.7,
CD5,TAXASC,6.0,6.4,
CD5,TAXASC,3.5,4.2,
CD5,TAXASC,9.6,9.1,
CD5,TAXASC,13.3,9.1,
CD5,TAXASC,10.4,9.2,
CD5,TAXASC,15.0,11.1,
CD5,TAXASC,6.0,6.8,
CD5,TAXASC,8.4,8.5,
CD5,TAXASC,4.0,4.4,
CD5,TAXASC,12.9,10.1,
CD5,TAXASC,6.8,5.5,
CD5,TAXASC,12.3,8.8,
CD5,TAXASC,10.8,8.3,
CD5,TAXASC,9.2,8.7,
CD5,TAXASC,3.8,4.3,
CD5,TAXASC,4.9,4.6,
CD5,TAXASC,6.7,8.0,
CD5,TAXASC,17.2,9.6,
CD5,TAXASC,9.3,9.3*,
CD5,TAXASC,13.0,8.6,
CD5,TAXASC,11.9,8.4,
CD5,TAXASC,7.9,8.0,
CD5,TAXASC,6.6,8.3,
CD5,TAXASC,9.3,8.4,
CD5,TAXASC,7.8,6.5,Split
CD5,TAXASC,3.2,3.7,Split
CD5,TAXASC,11.5,7.6,Split
CD5,TAXASC,5.7,4.6,Split
CD5,TAXASC,6.4,4.8,Split
CD5,TAXASC,12.5,10.0,
CD5,TAXASC,7.2,5.3,
CD5,TAXASC,7.0,8.8,
CD5,TAXASC,3.0,2.8,Split
CD5,TAXASC,10.5,8.9,Split
CD5,TAXASC,6.5,6.6,
CD5,TAXASC,9.5,11.2,
CD5,TAXASC,14.1,9.3,
CD5,TAXASC,4.6,4.6*,
CD5,TAXASC,3.1,3.2,
CD5,TAXASC,4.2,4.3,
CD5,TAXASC,8.2,7.0,
CD5,TAXASC,16.5,10.1,
CD5,TAXASC,6.0,8.3,
CD5,TAXASC,7.0,3.9,
CD5,TAXASC,19.2,12.1,
CD5,TAXASC,7.0,7.8,
CD5,TAXASC,6.7,6.9,
CD5,TAXASC,4.0,6.7,
CD5,TAXASC,5.2,7.3,
CD5,TAXASC,3.5,5.2,
CD5,TAXASC,12.6,10.1,
CD5,TAXASC,6.8,8.5,
CD5,TAXASC,6.3,7.0,
CD5,TAXASC,8.5,8.5,
CD5,TAXASC,11.1,8.7,
CD5,TAXASC,4.5,8.5,
CD5,TAXASC,14.7,9.6,
CD5,TAXASC,10.9,9.9,
CD5,TAXASC,8.8,7.3,
CD5,TAXASC,8.2,9.4,
CD5,TAXASC,6.5,7.5,
CD5,TAXASC,6.0,7.5,
CD5,TAXASC,4.9,6.4,
CD5,TAXASC,19.5,11.7,
CD6,,,,
CD7,,,,
CD8,,,,
CD9,,,,
CD10,,,,
MF1,NA,10.4,9.0,DEAD
MF1,NA,18.2,12.3,DEAD
MF2,NA,NA,NA,
MF3,QUEGEM,11.9,4.4,SPLIT
MF3,QUEGEM,4.7,4.2,SPLIT
MF4,NA,NA,NA,
MF5,NA,NA,NA,
MF6,NA,NA,NA,NA
MF7,PINPAL,7.0,5.6,
MF7,PINPAL,14.4,9.7,
MF7,PINPAL,9.7,9.5,
MF7,PINPAL,5.1,4.1,
MF7,PINPAL,12.6,9.9,
MF7,PINPAL,27.1,13.5,
MF7,PINPAL,13.4,10.6,
MF7,PINPAL,14,9.6,
MF7,PINPAL,4.2,9.4,
MF7,PINPAL,11.3,8.8,
MF7,PINPAL,13.1,8.6,
MF7,PINPAL,29.6,14.8,
MF7,PINPAL,14,10.1,
MF8,PINPAL,24.6,11.8,
MF8,PINPAL,26.6,11.7,
MF8,QUEVIR,14.5,4,
MF8,QUEVIR,12.4,6.8,
MF8,PINPAL,11.3,7.2,
MF8,PINPAL,15.4,10,
MF8,PINPAL,33.5,14.2,
MF9,NA,NA,NA,
MF10,NA,NA,NA,
MF11,PINPAL,4.5,1.7,
MF11,PINPAL,28.8,13.3,
MF11,SABPAL,13.6,1.5,
MF12,NA,NA,NA,
MF13,NA,NA,NA,
MF14,NA,NA,NA,
MF15,NA,NA,NA,
MF16,PINPAL,32.1,14.1,
MF16,PINPAL,29.5,14.1*,
MF16,PINPAL,26.1,13.9,
MF16,PINPAL,29.4,14.9,
MF17,PINPAL,7,4.1,
MF17,PINPAL,8.2,3.6,
MF17,PINPAL,6.1,3.8,
MF17,PINPAL,14.1,11.9,
MF17,PINPAL,8.8,5.1,
MF17,PINPAL,8.9,6.1,
MF17,PINPAL,8.1,6.1,
MF17,PINPAL,43.9,16.3,SMIAUR
MF17,PINPAL,20.8,16.3,
MF17,PINPAL,5.3,2.7,
MF17,PINPAL,14.7,10.5,
MF17,PINPAL,10.8,9.1,
MF17,PINPAL,11.0,8.9,
MF17,PINPAL,6.4,6.3,
MF17,PINPAL,4.3,1.5,
MF18,PINPAL,21,12.3,
MF18,PINPAL,17,12.4,
MF18,PINPAL,10.3,7.3,
MF18,PINPAL,24,12.5,
MF18,PINPAL,32.7,11.9,
MF18,PINPAL,24.9,12.4,
MF18,PINPAL,20.8,13.1,
MF18,PINPAL,27.8,12.4,
MF18,PINPAL,7.5,7.1,
MF18,PINPAL,24.3,13.1,
MF18,PINPAL,21.1,13.2,
MF18,PINPAL,10.2,7.3,
MF19,PINPAL,15.9,9.9,
MF19,PINPAL,10.7,6.2,
MF19,PINPAL,12.4,7.3,
MF20,QUELMYR,2.6,2.5,
MF20,QUELMYR,2.7,2.6,
MF20,QUELMYR,2.8,3.1,
MF20,QUELMYR,2.6,3.2,
MF20,QUELMYR,4,4.3,
MF20,QUELMYR,2.7,3.4,
MF20,QUELMYR,3.4,4,
MF20,QUEGEM,5.1,3,
MF20,QUEGEM,5,3.3,
MF20,QUEGEM,3,2.6,
MF20,PINPAL,20.2,12.3,
DP1,NA,NA,NA,
DP2,NA,NA,NA,
DP3,NA,NA,NA,
DP4,,,,
DP5,,,,
WP1,,,,
WP2,,,,
WP3,,,,
WP4,,,,
WP5,,,,
WP6,,,,
WP7,,,,
WP8,,,,
WP9,,,,
WP10,,,,
WP11,,,,
WP12,,,,
WP13,,,,
WP14,,,,
WP15,,,,
WP16,,,,
WP17,,,,
WP18,,,,
WP19,,,,
WP20,,,,
SF1,QUECHA,6.2,3.3,TILREC
SF1,QUEHEM,8.1,4.2,TILREC
SF1,QUECHA,7,3.3,TILREC
SF1,LYOFER,4,3.3,TILREC
SF1,QUECHA,3.9,3,
SF1,QUEGEM,3,2,
SF1,LYOFRU,3.2,5,
SF1,QUEGEM,4.2,2.7,
SF1,QUECHA,3.2,3,
SF1,QUECHA ,3.1,3.4,"FORKED, TILREC"
SF1,QUEGEM,9.7,4.3,
SF1,QUEGEM,2.8,2,"TILREC,"
SF1,QUEGEM,"9.6, 5.9",5.2,TILREC
SF1,QUECHA,3.2,3,
SF1,LYOFRU,3.5,5,
SF1,LYOFRU,3.1,5,
SF1,QUEGEM,"5.7, 4.3",5,"FORKED, TILREC"
SF1,QUEGEM,"6.2, 4.9, 6.5",4.8,"FORKED, TILREC, TILUSN"
SF1,QUECHA,3.4,4.2,
SF1,QUECHA,3.2,3.2,
SF1,LYOFER,2.7,5.1,
SF1,QUECHA,2.8,3.3,
SF1,LYOFER,2.6,3,
SF1,QUEGEM,"2.5, 2.6, ",3.2,FORKED
SF1,QUECHA,4.6,5.1,
SF1,QUEHEM,3.5,3.2,
SF1,QUEHEM,4.5,4.9,TILREC
SF1,LYOFER,3.7,4.7,TILREC
SF1,QUECHA,5.1,2.1,TILREC
SF1,QUEGEM,7.1,4.2,"TILREC, TILUSN"
SF1,QUEGEM,6.2,2.5,TILREC
SF1,QUEHEM,5,4,
SF1,QUEGEM,4.1,4.1,TILREC
SF1,QUEGEM,5,4.2,TILREC
SF1,QUEGEM,5.1,4.2,TILREC
SF1,QUECHA,3.3,3,
SF1,QUEGEM,"4.3, 3.4",3.3,"FORKED, TILREC, TILUSN"
SF1,QUEGEM,"6.2, 7.1",4.4,"FORKED, TILREC, TILUSN"
SF1,QUEGEM,9.4,5.2,TILREC
SF1,QUEMYR,2.7,2.5,
SF1,QUEGEM,"5.0, 6.5",4.1,TILREC
SF1,QUEGEM,"3.9, 4.0, 2.6",3.8,"FORKED, TILREC"
SF1,LYOFER,"2.6, 3.5",3.5,"FORKED, "
SF1,QUEGEM,5.5,5.1,
SF1,LYOFER,2.7,2.3,
SF1,QUECHA,5,4.2,TILREC
SF1,LYOFER,"5.3, 3.6",4,"FORKED, TILREC"
SF1,QUEGEM,3.4,3.2,TILREC
SF1,LYOFER,3.2,3.8,
SF1,LYOFER,5.5,2,
SF1,LYOFER,"4.8, 4.9",5.8,FORKED
SF1,LYOFER,8.5,5.2,TILREC
SF1,LYOFER,5.4,4.3,
SF1,LYOFER,"8.3, 4.8",4.5,"FORKED, TILREC"
SF1,QUEGEM,"7.5, 7.1",4.2,"FORKED, TILUSN, TILREC"
SF1,QUEGEM,8.3,4.4,TILREC
SF1,LYOFER,3.3,3,
SF1,LYOFER,3.7,3.2,
SF1,LYOFER,3.7,1.7,
SF1,QUEGEM,"3.7, 3.6, 3.0",2,"FORKED, TILREC"
SF1,QUEGEM,3.5,2.5,
SF1,QUECHA,5,4.7,TILREC
SF1,LYOFER,3.2,5,
SF1,QUEGEM,3.5,2.1,
SF1,LYOFER,8.9,4,
SF1,QUEGEM,11.1,5.2,"TILREC, TILUSN"
SF1,LYOFER,3.5,3,FORKED AT BASE
SF1,QUEGEM,"6.2, 8, 5, 3.9",5.3,"FORKED, TILREC, TILUSN"
SF1,QUEGEM,2.9,2.2,"FORKED, TILREC"
SF1,QUEGEM,4.2,3.4,TILREC
SF1,QUEGEM,4.7,4.3,TILREC
SF1,QUECHA,4,3.2,TILREC
SF1,QUEGEM,3.8,2.5,TILREC
SF1,QUECHA,3.4,3,"TILREC, FORKED "
SF1,QUEGEM,3.5,1.8,"TILREC, FORKED "
SF1,QUEGEM,3.8,2.4,TILREC
SF1,QUECHA,"3.3, 2.9",2.8,"FORKED, TILREC"
SF1,QUECHA,3.1,2,TILSET
SF1,QUECHA,2.6,2.3,
SF1,QUEMYR,4,3.7,
SF1,QUEMYR,2.9,3.4,TILREC
SF1,QUECHA,2.9,3.8,TILREC
SF1,DEAD UN,3.8,1.5,TILREC
SF2,QUEMYR,2.9,2.7,
SF2,QUEMYR,3,3.8,
SF2,PINCLA,3,3,
SF2,QUEMYR,3.5,3.8,
SF2,QUEMYR,3.5,4,
SF2,QUEMYR,2.9,3.5,
SF2,LYOFRU,3,4.2,
SF2,QUEMYR,3.5,3.6,
SF2,PINPAL,20.4,12.3,"TILUSN, TILREC"
SF2,QUEMYR,4.7,3.8,TILREC
SF2,QUEMYR,"4.7, 7.8",4.2,"FORKED, TILREC"
SF2,QUEMYR,2.6,2.7,
SF2,QUEMYR,3.8,2.6,
SF2,QUEMYR,5.3,2.7,TILREC
SF2,QUEMYR,4,2.7,TILREC
SF2,PINPAL,6.4,4.1,
SF2,PINCLA,7.2,5.3,
SF2,PINPAL,28.3,12.7,
SF2,QUECHA,7,7.2,TILREC
SF2,PINPAL,6,5,
SF2,PINPAL,28.3,11.7,
SF2,QUEGEM,3.7,2.4,TILREC
SF2,QUEGEM,7.1,2.4,"TILREC, TILUSN"
SF2,QUEGEM,5.8,2.4,"TILREC, TILUSN"
SF2,QUEMYR,4.7,2.2,
SF2,PINCLA,9,6,
SF2,PINCLA,16.7,5,
SF3,QUECHA,2.7,2,
SF3,LYOFUR,4,4.7,
SF3,PINCLA,21.4,11.3,
SF3,LYOFER,"5.0, 4.5",4.7,Forked
SF3,LYOFER,"4.9, 3.2, 4.0",2.5,
SF3,LYOFER,2.9,3,"DEAD, forked"
SF3,LYOFER,3.7,3,FORKED
SF3,LYOFER,"5.1, 3.8",2.4,FORKED
SF3,PINCLA,18.1,11.2,
SF3,PINCLA,14.3,11.4,
SF3,PINCLA,24.5,11.3,TILREC
SF3,PINCLA,11,10.4,"TILREC, TILUSN"
SF3,PINCLA,22,11.3,TILREC
SF3,PINCLA,15.2,11.3,
SF3,PINCLA,14.5,11.3,
SF3,LYOFER,3.1,3.2,FORKED
SF3,LYOFER,"3.3, 3.7",3.2*,"FORKED, TILREC"
SF3,LYOFER,"2.7, 2.5, 3.6",4.5,"FORKED, TILREC"
SF3,LYOFER,"3.0, 3.8",3,FORKED
SF3,LYOFER,3.3,5,
SF3,LYOFER,3.1,4.5,
SF3,LYOFER,4.8,7.5,
SF3,LYOFER,"4.3, 5.0",6.9,"FORKED, TILREC"
SF3,LYOFER,2.6,4.8,TILREC
SF3,LYOFER,3.7,7.4,
SF3,PINCLA,13,11.4,
SF3,LYOFER,2.9,2.3,
SF3,LYOFER,4.2,7.2,
SF3,PINCLA,21.2,10,DEAD
SF3,LYOFER,3.8,3,
SF3,PINCLA,5.5,6.5,
SF3,LYOFER,3,3.2,
SF3,PINCLA,20.1,11.3,TILREC
SF3,PINCLA,16.3,10,dead
SF3,PINCLA,15,11.3,
SF3,LYOFER,"2.6, 3.8, 3.7",6.2,FORKED
SF3,PINCLA,8,7.6,
SF3,PINCLA,6.7,7.4,
SF3,LYOFER,5.1,4.3,TILREC
SF3,LYOFER,5,4.2,TILREC  
SF3,PINCLA,20,11.7,
SF3,PINCLA,24.7,11.4,"TILREC, TILSET, SMILAX, TILUSN"
SF3,LYOFER,"3.7, 5.2",3.8,FORKED at base
SF3,PINCLA,12.4,9.5,TILREC
SF3,PINCLA,11.2,9.2,
SF3,LYOFER,"5.0, 4.0",4.5,"FORKED, TILREC"
SF3,LYOFER,3.6,3.8,
SF3,LYOFER,"4.2, 2.5",2.5,FORKED
SF3,LYOFER,2.7,2,DEAD
SF3,LYOFER,3.7,7.8,
SF3,LYOFER,3.4,2.7,
SF3,LYOFER,3.3,4,
SF3,LYOFER,3.2,2.5,
SF3,LYOFER,"2.9, 4.7",3.4,"FORKED, TILREC"
SF3,PINCLA,9.3,8,
SF3,LYOFER,2.9,5,
SF3,LYOFER,2.6,4.7,
SF3,QUEGEM,4.7,2.4,
SF3,QUEGEM,3.1,1.4,
SF3,QUEGEM,6.1,2.5,
SF3,QUEGEM,3.8,3,
SF3,PINCLA,24,12,TILREC
SF3,QURCHA,3.5,3.2,
SF3,PINPAL,10,9.5,
SF3,LYOFER,2.6,4.2,FORKED
SF3,LYOFER,"3.0, 4.0, 4.0, 6.0",5.8,"FORKED at base, TILREC"
SF4,QUEGEM,9.9,8.7,"TILREC, TILSET, TILUSN"
SF4,QUEHEM,13.5,8.7*,"TILREC, TILSET, TILUSN"
SF4,QUEHEM,4.0,3.5,"TILREC, TILSET, TILUSN, PLEMIC"
SF4,QUEHEM,5.5,5.2,
SF4,QUEGEM,13.7,9.2,
SF4,QUEGEM,8.0,7.8,"TILUSN, PLEMIC"
SF4,QUEHEM,3.4,2.0,"TILREC, PLEMIC"
SF4,QUEGEM,3.5,5.4,"TILREC, TILUSN"
SF4,QUEHEM,4.0,5.0,"TILUSN, TILSET"
SF4,QUEMYR,5.5,4.3,"TILREC, TILUSN, TILSET"
SF4,QUEGEM,3.0,6.0,
SF4,QUEHEM,7.9,7.0,"PLEMIC, TILREC, USN"
SF4,QUEHEM,3.4,2.7,"TILREC, TILSET"
SF4,QUEHEM,5.8,5.8,"TILREC, TILUSN"
SF4,QUEGEM,9.4,7.3,TILREC
SF4,QUEGEM,13.3,10.0,"TILREC, TILUSN"
SF4,QUEHEM,4.9,5.8,"TILSET, TILUSN, TILREC"
SF4,QUEHEM,7.1,7.1,"TILSET, TIUSN, PLEMIC"
SF4,QUEGEM,11.9,8.9,"TILUSN, TILSET, TILREC"
SF4,QUEGEM,8.8,6.8,"TILREC, TILUSN"
SF4,QUECHA,3.5,2.4,"TILREC, PLEMIC"
SF4,QUEHGEM,12.7,6.9,"TILUSN, TILSET, TILREC"
SF4,QUEGEM,9.4,7.5,"TILSET, TILREC, TILUSN, "
SF4,QUECHA,"3.4, 3.5",2.4,FORKED
SF4,QUECHA,7.5,7.4,"PLEMIC, TILREC, TILUSN, TILSET"
SF4,QUEHEM,8.7,1.9,PLEMIC
SF4,QUEHEM,6.2,4.7,"TILREC, TILSET"
SF4,QUECHA,8.7,6.8,"TILREC, TILSET, TILUSN"
SF4,QUECHA,7.2,6.8*,"TILREC, TILUSN"
SF4,QUECHA,2.8,3.0,
SF4,QUEHEM,3.5,2.8,TILREC
SF4,QUECHA,"4.8, 4.5",3.2,"FORKED, TILREC"
SF4,QUECHA,6.9,6.8,TILREC
SF4,QUEHEM,7.6,6.4,"TILSET, TILREC"
SF4,QUECHA,3.0,2.2,"TILUSN, TILREC"
SF4,QUECHA,8.2,6.7,"TILREC, TILUSN"
SF4,QUECHA,5.3,6.3,TILREC
SF4,QUECHA,8.2,7.0,"TILREC, TILUSN"
SF4,QUECHA,6.5,7.3,"TILREC, TILUSN, "
SF4,QUECHA,4.4,6.8,"TILREC, TILSET"
SF4,QUECHA,8.9,8.0,TILREC
SF4,QUECHA,6.6,7.2,
SF4,QUECHA,2.7,2.7,TILREC
SF4,QUECHA,3.8,3.0,"TILSET, TILREC"
SF4,QUECHA,6.5,7.0,"TILREC, TILUSN"
SF4,QUECHA,3.2,3.0,"TILREC,  "
SF4,QUECHA,5.3,5.7,"TILUSN, TILREC"
SF4,QUECHA,5.2,4.3,"TILUSN, TILREC"
SF4,QUECHA,5.0,3.3,"TILUSN,"
SF4,QUECHA,4.3,3.7,TILREC
SF4,DEAD UN,2.8,2.0,TILREC
SF4,QUECHA,5.3,3.4,"FORKED, TILREC"
SF4,QUECHA,2.6,3.0,TILREC
SF4,QUECHA,2.5,2.3,TILREC
SF4,LYOFRU,3.7,5.2,"FORKED, TILREC"
SF4,LYOFRU,3.2,3.4,"FORKED, TILREC"
SF4,QUECHA,4.5,8.0,"TILREC, TILUSN, TILSET"
SF4,LYOFRU,4.2,6.7,FORKED
SF4,QUEMYR,3.2,3.0,"TILUSN, TILREC"
SF4,QUECHA,"5.1, 2.7",6.6,"FORKED, TILUSN, TILREC"
SF4,QUEMYR,3.4,4.1,FORKED
SF4,QUEGEM,"6.1, 4, 5.3",5.6,"FORKED, TILREC, TILUSN"
SF4,LYOFRU,2.5,4.0,FORKED
SF4,LYOFRU,"3.2, 3.2, 2.5",4.7,FORKED AT BASE
SF4,LYOFRU,3.4,4.2,FORKED
SF4,LYOFRU,2.8,3.6,"DIEING, SMILAX"
SF4,LYOFRU,5.1,4.0,"FORKED, SMILAX, TILREC"
SF4,QUEMYR,2.8,5.0,
SF4,QUEGEM,9.5,9.3,"TILUSN, TILREC"
SF4,QUEGEM,3.4,3.4,"TIKREC,TILUSN, TILSET"
SF4,QUECHA,5.0,4.8,TILREC
SF4,QUECHA,2.8,5.0,TILREC
SF4,QUEMYR,4.2,4.7,"TILREC, TILUSN"
SF4,QUEGEM,4.9,4.5,"TILREC,SMILAX"
SF4,QUEGEM,10.2,6.8,"TILUSN,TILREC, TILSET"
SF4,QUEGEM,9.5,5.3,"TILREC, TILSET"
SF4,QUEGEM,9.9,5.3,
SF4,QHUGEM,"7.4, 3.4",6.4,"FORKED,  TILSET, TILREC,  TILUSN"
SF4,QUEHEM,"4.3, 2.6",3.4,"FORKED,  TILSET, TILREC"
SF4,QUEHEM,2.9,3.4,SMILAX
SF4,QUEGEM,9.5,6.0,"TILREC, TILUSN, TILUSN"
SF4,QUEHEM,2.7,2.0,"PLEMIC, TILUSN, TILREC, TILSET"
SF4,QUEHEM,5.4,3.4,"PLEMIC, TILUSN, TILREC, TILSET"
SF5,QUE UN1,11.5,6.3,"TILUSN, TILREC, "
SF5,PINCLA,2.5,2.9,
SF5,LYOLUC,2.8,2.6,FORKED
SF5,LYOFER,5.0,5.7,TILSET
SF5,QUEMYR,10.4,5.9,"TILREC, TILUSN, TILSET"
SF5,QUEMYR,7.3,6.3,"TILREC, TILUSN"
SF5,QUEMYR,7.8,6.1,"TILREC, TILUSN"
SF5,QUEMYR,14.0,7.2,TILREC
SF5,QUEMYR,18.0,8.3,"TILSET, TILREC, TILUSN"
SF5,QUEMYR,10.0,6.8,"TILREC, "
SF5,QUEMYR,9.5,7.3,"TILSET, TILREC, TILUSN"
SF5,QUEMYR,10.0,8.4,"TILSET, TILREC, TILUSN"
SF5,QUEMYR,2.5,3.2,
SF5,QUEMYR,3.2,3.0,
SF5,QUEMYR,2.9,3.1,
SF5,QUEMYR,2.7,3.3,
SF5,QUEMYR,2.9,3.2,
SF5,QUEGEM,2.5,3.9,
SF5,NA,7.0,2.0,DEAD
SF5,QUEMYR,"3, 5.3, 3.7",4.3,FORKED
SF5,QUEMYR,4.7,4.2,
SF5,QUEGEM,5.7,3.9,
SF5,QUECHA,"4.5, 10.3",4.9,"FORKED, TILREC, TILUSN"
SF5,QUECHA,8.7,5.0,TILUSN
SF5,PINCLA,5.5,7.0,TILUSN
SF5,PINCLA,11.7,10.1,
SF6,QUEMYR,3.3,4.0,
SF6,QUEMYR,2.6,3.8,
SF6,QUEGEM,5.0,4.2,
SF6,QUEMYR,3.3,1.8,
SF6,QUEMYR,2.5,2.5,
SF6,QUEMYR,4.2,4.2,
SF6,QUEGEM,2.9,2.3,
SF6,QUEGEM,2.8,2.0,
SF6,LYOFRU,3.9,3.7,
SF6,LYOFRU,2.7,3.7*,
SF6,QUEMYR,3.5,4.0,
SF6,QUEMYR,2.9,3.8,
SF6,QUEGEM,3.1,2.7,
SF6,QUEGEM,4.1,4.2,
SF6,QUEGEM,6.5,4.3,
SF6,QUEGEM,5.2,4.3*,
SF6,QUEGEM,"3.9, 3.6",4.3,
SF6,QUEGEM,"2.9, 2.7","2.1, 1.8",
SF6,QUEGEM,2.8,2.2,
SF6,QUEMYR,2.5,2.1,
SF6,QUEGEM,3.6,4.0,
SF6,QUEMYR,3.0,3.8,
SF6,QUECHA,2.7,3.1,
SF6,QUEGEM,2.9,2.3,
SF6,QUECHA,2.8,2.7,
SF6,QUECHA,2.8*,2.5,
SF6,QUEGEM,2.8,3.1,
SF6,QUECHA,3.6,4.3,
SF6,QUEGEM,2.5,2.3,
SF6,QUECHA,2.5,2.4,
SF6,QUEGEM,3.2,3.6,
SF6,QUEGEM,3.4,2.4,
SF6,QUEGEM,2.8,2.6,
SF6,QUEGEM,3.9,2.9,
SF6,LYOFRU,2.7,4.3,
SF6,QUEGEM,3.6,4.4,
SF6,QUEGEM,2.6,3.1,
SF6,UNKNOWN ,5.0,1.8,DEAD
SF6,QUEGEM,4.4,2.9,TILSET
SF6,QUEGEM,18.8,4.5,TILSET
SF6,QUEGEM,3.4,4.3,
SF6,QUEGEM,4.8,4.4,
SF6,QUEGEM,4.4,4.3,
SF6,UNKNOWN ,5.0,1.4,DEAD
SF6,QUEGEM,4.8,3.9,
SF6,UNKNOWN ,11.9,3.8,DEAD
SF6,QUEGEM,3.6,3.7,
SF6,QUEGEM,3.8,4.0,
SF6,QUEGEM,"2.5, 4.2","2.7, 4.1",
SF6,QUEGEM,2.6,2.8,
SF6,QUEGEM,2.9,3.4,
SF6,QUEGEM,"3.0, 4.4","3.6, 3.9",
SF6,QUEMYR,2.8,4.0,
SF6,QUEGEM,3.2,3.8,
SF6,QUEGEM,3.6,3.8,
SF6,QUEMYR,3.6*,4.2,
SF6,QUEGEM,2.9,3.9,
SF6,QUEGEM,2.6,2.4,
SF6,UNKNOWN ,9.1,2.8,DEAD
SF6,QUEMYR,2.9,3.7,
SF6,LYOFER,2.6,3.9,
SF6,QUEGEM,"5.7, 4.3, 2.9","4.4, 4.2, 3.7",
SF6,QUEGEM,3.5,3.5,TILREC
SF6,QUEMYR,2.5,3.0,
SF6,QUEGEM,"4.6, 5.3, 14.3","4.1, 4.4, 4.2",
SF6,QUEGEM,2.6,2.4,
SF6,QUEGEM,9.7,3.7,
SF6,QUEGEM,2.5,3.0,Dead base
SF6,QUEGEM,3.8,3 4,
SF6,QUEGEM,4.1,3 4,
SF6,QUEGEM,2.5,2.3,
SF6,QUEGEM,3.1,3.5,
SF6,QUEGEM,3.2,3.4,
SF6,QUEGEM,2.6,2.3,
SF6,QUEMYR,2.5,2.8,
SF6,QUECHA,"3.5,3.1","3.8,3.8",
SF6,QUEGEM,2.9,2.6,
SF6,QUEGEM,2.9,2.6,
SF6,QUECHA,2.8,3.6,
SF6,QUECHA,3.8,4.0,
SF6,QUEGEM,3.7,3.8,
SF6,QUECHA,3.1,4.0,
SF6,QUECHA,"2.8,3.0",3.7,
SF6,UNKNOWN ,4.7,1.8,Dead
SF6,QUECHA,3.9,2.6,
SF6,QUECHA,2.6,2.5,
SF6,QUEMYR,2.5,2.3,
SF6,QUECHA,3.6,3.5,
SF6,QUEMYR,2.8,4.6,
SF6,QUEMYR,4.3,5.0,
SF6,QUEMYR,4.2,4.4,
SF6,QUEMYR,4.3,4.5,
SF6,QUECHA,3.8,3.5,
SF6,QUEMYR,2.8,2.6,
SF6,QUEGEM,5.1,2.5,
SF6,QUEGEM,5.8,3.6,
SF6,QUEMYR,3.7,4.0,
SF6,QUEGEM,4.5,4.0,
SF6,QUECHA,3.9,3.7,
SF6,QUEGEM,"2.5, 4.2","2, 3.6",
SF6,QUEGEM,"3.2, 8.9","3.8, 2.0",
SF6,QUEGEM,4.9,3.7,
SF6,QUEMYR,2.5,3.0,
SF6,QUECHA,3.1,2.9,
SF6,QUEGEM,"2.8, 2.5","2.3, 2.3",
SF6,QUEMYR,3.5,4.0,
SF6,QUEGEM,"2.7, 4.2","2.3, 3.3",
SF6,QUEGEM,2.5,3.5,
SF6,QUEGEM,2.9,"3.5, 2.3",
SF6,QUEMYR,2.9,2.8,
SF6,QUEMYR,2.8,2.6,
SF6,QUEMYR,2.6,3.5,
SF6,QUEGEM,2.8,3.3,
SF6,LYOFRU,2.6,3.1,
SF6,QUEGEM,22.7,5.4,"TILREC, TILSET"
SF6,QUEGEM,3.7,3.8,
SF6,QUEGEM,3.1,2.8,
SF6,QUEGEM,2.5,2.8*,
SF6,QUEGEM,"6.5, 3.8","4.8, 3.7",
SF6,QUEGEM,4.3,4.4,
SF6,QUEGEM,4.2,5.0,
SF6,QUEGEM,3.1,3.0,
SF6,QUEGEM,3.4,3.8,
SF6,QUEGEM,3.0,3.2,
SF6,QUEGEM,2.5,3.3,
SF6,QUECHA,3.8,3.4,
SF6,QUECHA,2.9,3.4*,
SF6,QUECHA,2.8,3.1,
SF6,QUEMYR,3.7,3.3,
SF6,QUEMYR,3.9,4.2,
SF6,QUECHA,3.3,3.8,
SF6,LYOFRU,3.2,5.3,
SF6,QUEGEM,2.7,3.7,
SF6,QUEMYR,3.0,3.8,
SF6,QUEMYR,2.5,3.4,
SF6,QUEGEM,5.3,3.6,
SF6,QUEGEM,3.9,3.8,
SF6,QUEGEM,3.2,3.4,
SF6,QUEGEM,3.1,4.2,
SF6,QUEGEM,3.2,3.5,
SF6,QUEGEM,"4.9, 3.5, 3.0, 14.4","4.3, 3.9, 4.0, 5.1",
SF6,QUEGEM,"11.7, 4.1","3.8, 5.1",
SF6,QUEGEM,4.6,5.3,
SF6,QUEGEM,2.5,4.0,
SF6,QUEGEM,20.4,5.8,
SF6,QUEMYR,3.1,4.2,
SF6,QUEGEM,5.4,5.2,
SF6,QUEGEM,4.6,4.7,
SF6,QUEGEM,3.0,4.4,
SF6,QUEGEM,4.0,4.9,
SF6,QUEGEM,3.4,3.8,
SF6,QUEGEM,5.1,4.1,
SF6,QUEGEM,3.7,4.3,
SF6,QUEMYR,2.8,3.8,
SF6,QUEGEM,3.3,4.1,
SF6,QUEGEM,4.1,4.3,
SF6,QUEGEM,3.6,3.3,
SF6,QUEMYR,6.0,4.8,
SF6,QUEGEM,2.5,2.4,
SF6,QUEGEM,5.0,3.6,
SF6,QUEMYR,3.7,3.8,
SF6,QUEMYR,2.7,2.8,
SF6,QUEMYR,2.5,3.3,
SF6,QUEMYR,3.1,2.9,
SF6,QUEGEM,"3.9, 3.5, 3.4","2.7, 2.7, 2.5",
SF6,QUEMYR,2.5,3.0,
SF6,QUEGEM,2.8,2.3,
SF6,QUEGEM,2.7,2.2,
SF7,NA,NA,NA,
SF8,QUEMYR,2.7,2.9,SMIAUR
SF8,QUEMYR,3.0,2.7,SMIAUR
SF8,QUEMYR,3.1,2.7,
SF8,QUEMYR,3.1,2.1,
SF8,QUECHA,3.9,3.3,
SF8,DEAD,3.1,2.8,"TILSET, TILREC"
SF9,NA,NA,NA,
SF10,QUEMYR,2.9,3.2,TILREC
SF10,QUEMYR,4.5,3.5,TILREC
SF10,QUEMYR,4.2,3.4,
SF10,QUEMYR,3.2,3.1,TILREC
SF10,QUEMYR,3.0,2.5,TILREC
SF10,QUEMYR,3.0,2.8,
SF10,QUEMYR,3.1,2.7,TILREC
SF10,QUEMYR,3.7,3.5,TILREC
SF10,QUEMYR,4.8,3.5,"TILREC, TILSET"
SF10,QUEMYR,4.5,3.7,TILREC
SF10,QUEMYR,4.2,3.4,TILREC
SF10,QUEMYR,4.6,3.7,TILREC
SF10,QUEMYR,4.2,3.1,
SF10,QUEMYR,3.7,2.7,
SF10,QUECHA,3.7,2.3,
SF10,QUEGEM,2.8,2.3*,
SF10,QUEGEM,3.1,2.5,
SF10,QUEGEM,3.0,2.3,
SF10,PINCLA,4.0,3.7,
SF10,QUECHA,2.6,2.5,
SF10,QUECHA,3.7,2.8,
SF10,QUECHA,2.6,2.5,TILREC
SF10,QUEMYR,2.5,2.4,
SF10,QUECHA,2.7,2.4*,
SF10,QUECHA,2.8,2.3,
SF10,QUEMYR,2.6,2.5,
SF10,QUEMYR,4.7,3.8,TILREC
SF10,QUEMYR,4.2,3.9,TILREC
SF10,QUEMYR,4.7,3.6,
SF10,QUEMYR,4.5,3.6*,TILREC
SF10,QUEMYR,3.1,3.5,
SF10,QUEMYR,3.7,3.6,TILREC
SF10,QUEMYR,3.2,3.4,TILREC
SF10,QUECHA,2.9,2.6,
SF10,QUEMYR,2.7,3.3,TILREC
SF10,QUEMYR,4.6,4.0,"TILREC, TILUSN"
SF10,QUEMYR,4.7,3.3,
SF10,QUEMYR,2.7,2.5,
SF10,QUEMYR,3.9,3.1,TILREC
SF10,QUEMYR,3.0,2.7,
SF10,QUEMYR,4.9,2.9,
SF10,QUEMYR,4.2,3.0,
SF10,QUEMYR,3.1,3.1,TILSET
SF10,QUEMYR,3.3,2.6,
SF10,QUEMYR,3.4,2.7,
SF10,QUEMYR,2.8,2.9,
SF10,QUEMYR,3.6,3.1,"TILREC, TILUSN"
SF10,QUEMYR,3.7,3.1,
SF10,QUEMYR,2.8,3.1,
SF10,QUEMYR,2.9,2.5,TILREC
SF10,QUEMYR,3.6,2.8,
SF10,QUEMYR,3.9,3.1,
SF10,QUECHA,2.5,2.4,
SF10,QUEMYR,2.5,2.6,
SF10,QUECHA,2.6,2.5,
SF10,QUEMYR,5.5,3.8,"TILREC, TILUSN"
SF10,QUEMYR,3.2,2.7,TILSET
SF10,QUEMYR,2.7,3.3,
SF10,QUEMYR,3.6,3.2,TILREC
SF10,QUEMYR,3.5,3.5,TILREC
SF10,QUEMYR,2.5,2.3,
SF10,QUEMYR,2.6,2.7,